1242,"Baby & Kids' Furniture","Baby & Kids"
1240,"Baby Clothes","Baby & Kids"
1239,"Car Seats & Carriers","Baby & Kids"
1241,"Prams, Buggies & Pushchairs","Baby & Kids"
1245,"Toys & Books","Baby & Kids"
658,"Boat Parts & Accessories","Cars & Vehicles"
297,"Boats for Sale","Cars & Vehicles"
650,"Boats for Sale","Cars & Vehicles"
661,"Boats for Sale","Cars & Vehicles"
654,"Boats for Sale","Cars & Vehicles"
652,"Boats for Sale","Cars & Vehicles"
398,"Car & Van Hire","Cars & Vehicles"
310,"Car & Van Hire","Cars & Vehicles"
1286,"Car Parts & Accessories","Cars & Vehicles"
312,"Car Parts & Accessories","Cars & Vehicles"
1285,"Car Parts & Accessories","Cars & Vehicles"
299,"Car Parts & Accessories","Cars & Vehicles"
1284,"Car Parts & Accessories","Cars & Vehicles"
633,"Caravan Parts & Accessories","Cars & Vehicles"
1750,"Caravans & Camper Van","Cars & Vehicles"
317,"Motorbike Parts & Accessories","Cars & Vehicles"
989,"Motorbike Parts & Accessories","Cars & Vehicles"
1170,"Motorbikes & Scooters","Cars & Vehicles"
71,"Motorbikes & Scooters","Cars & Vehicles"
72,"Motorbikes & Scooters","Cars & Vehicles"
316,"Motorbikes & Scooters","Cars & Vehicles"
1324,"Motorbikes & Scooters","Cars & Vehicles"
1325,"Motorbikes & Scooters","Cars & Vehicles"
1228,"Motorbikes & Scooters","Cars & Vehicles"
1169,"Motorbikes & Scooters","Cars & Vehicles"
1326,"Motorbikes & Scooters","Cars & Vehicles"
455,"Motorbikes & Scooters","Cars & Vehicles"
1327,"Motorbikes & Scooters","Cars & Vehicles"
456,"Motorbikes & Scooters","Cars & Vehicles"
1205,"Motorbikes & Scooters","Cars & Vehicles"
1328,"Motorbikes & Scooters","Cars & Vehicles"
315,"Motorbikes & Scooters","Cars & Vehicles"
1329,"Motorbikes & Scooters","Cars & Vehicles"
1330,"Motorbikes & Scooters","Cars & Vehicles"
1392,"Motorbikes & Scooters","Cars & Vehicles"
1331,"Motorbikes & Scooters","Cars & Vehicles"
1008,"Motorbikes & Scooters","Cars & Vehicles"
21314,"Motorbikes & Scooters","Cars & Vehicles"
1332,"Motorbikes & Scooters","Cars & Vehicles"
1333,"Motorbikes & Scooters","Cars & Vehicles"
357,"Motorbikes & Scooters","Cars & Vehicles"
457,"Motorbikes & Scooters","Cars & Vehicles"
1174,"Motorbikes & Scooters","Cars & Vehicles"
1394,"Motorbikes & Scooters","Cars & Vehicles"
458,"Motorbikes & Scooters","Cars & Vehicles"
62,"Artists & Bands","Community"
75,"Clubs & Groups","Community"
9027,"Events & Gigs","Community"
323,"Lost & Found","Community"
1028,"Restaurants, Clubs & Nightlife","Community"
21234,"Sports Teams & Partners","Community"
12747,"Audio & Hi-Fi","Electronics"
1268,"Audio & Hi-Fi","Electronics"
12702,"Audio & Hi-Fi","Electronics"
249,"Cameras, Video Cameras & Accessories","Electronics"
205,"Cameras, Video Cameras & Accessories","Electronics"
326,"Cameras, Video Cameras & Accessories","Electronics"
634,"Computer Accessories","Electronics"
21292,"Computer Accessories","Electronics"
21293,"Computer Accessories","Electronics"
135,"Computer Accessories","Electronics"
21294,"Computer Accessories","Electronics"
1264,"Computer Accessories","Electronics"
1265,"Computer Accessories","Electronics"
1266,"Computer Accessories","Electronics"
21295,"Computer Accessories","Electronics"
21296,"Computer Accessories","Electronics"
21272,"Mobiles, Smartphones & Accessories","Electronics"
51,"Mobiles, Smartphones & Accessories","Electronics"
1221,"Mobiles, Smartphones & Accessories","Electronics"
1223,"MP3 Players & iPods","Electronics"
339,"Other Electronics","Electronics"
1222,"PCs, Laptops & Tablets","Electronics"
120,"PCs, Laptops & Tablets","Electronics"
21290,"PCs, Laptops & Tablets","Electronics"
21283,"TVs, DVD & Blu-Ray Players","Electronics"
54,"TVs, DVD & Blu-Ray Players","Electronics"
21284,"TVs, DVD & Blu-Ray Players","Electronics"
959,"Video Games & Consoles","Electronics"
21298,"Video Games & Consoles","Electronics"
21299,"Video Games & Consoles","Electronics"
21302,"Video Games & Consoles","Electronics"
21297,"Video Games & Consoles","Electronics"
21300,"Video Games & Consoles","Electronics"
21301,"Video Games & Consoles","Electronics"
31,"Fashion Accessories","Fashion & Beauty"
21236,"Fashion Accessories","Fashion & Beauty"
99,"Health & Beauty Products","Fashion & Beauty"
4571,"Health & Beauty Products","Fashion & Beauty"
42,"Jewellery & Watches","Fashion & Beauty"
1256,"Shoes","Fashion & Beauty"
1255,"Men's Clothing","Fashion & Beauty"
1254,"Women's Clothing","Fashion & Beauty"
1252,"Women's Clothing","Fashion & Beauty"
1258,"Women's Clothing","Fashion & Beauty"
21233,"Arts & Crafts","Hobbies & Leisure"
324,"Arts & Crafts","Hobbies & Leisure"
643,"Arts & Crafts","Hobbies & Leisure"
982,"Arts & Crafts","Hobbies & Leisure"
25,"Bicycles","Hobbies & Leisure"
1316,"Board Games","Hobbies & Leisure"
8003,"Books & Magazines","Hobbies & Leisure"
1246,"Books & Magazines","Hobbies & Leisure"
27,"Camping & Hiking","Hobbies & Leisure"
21280,"Camping & Hiking","Hobbies & Leisure"
21279,"Camping & Hiking","Hobbies & Leisure"
21278,"Camping & Hiking","Hobbies & Leisure"
1235,"Collectables","Hobbies & Leisure"
64,"Collectables","Hobbies & Leisure"
53,"Fishing Equipment","Hobbies & Leisure"
21274,"Fitness Equipment","Hobbies & Leisure"
318,"Golf Equipment","Hobbies & Leisure"
325,"Musical Instruments","Hobbies & Leisure"
12765,"Musical Instruments","Hobbies & Leisure"
12718,"Musical Instruments","Hobbies & Leisure"
12754,"Musical Instruments","Hobbies & Leisure"
12727,"Musical Instruments","Hobbies & Leisure"
12749,"Musical Instruments","Hobbies & Leisure"
12726,"Musical Instruments","Hobbies & Leisure"
12753,"Musical Instruments","Hobbies & Leisure"
12725,"Musical Instruments","Hobbies & Leisure"
12711,"Musical Instruments","Hobbies & Leisure"
12712,"Musical Instruments","Hobbies & Leisure"
12728,"Musical Instruments","Hobbies & Leisure"
12822,"Musical Instruments","Hobbies & Leisure"
12713,"Musical Instruments","Hobbies & Leisure"
12751,"Musical Instruments","Hobbies & Leisure"
12815,"Musical Instruments","Hobbies & Leisure"
12716,"Musical Instruments","Hobbies & Leisure"
12752,"Musical Instruments","Hobbies & Leisure"
12812,"Musical Instruments","Hobbies & Leisure"
12759,"Musical Instruments","Hobbies & Leisure"
12707,"Musical Instruments","Hobbies & Leisure"
12714,"Musical Instruments","Hobbies & Leisure"
12748,"Musical Instruments","Hobbies & Leisure"
12817,"Musical Instruments","Hobbies & Leisure"
12762,"Tickets","Hobbies & Leisure"
21287,"Tickets","Hobbies & Leisure"
21288,"Tickets","Hobbies & Leisure"
12734,"Tickets","Hobbies & Leisure"
21276,"Water Sports","Hobbies & Leisure"
21277,"Winter Sports","Hobbies & Leisure"
335,"Art & Antiques","Home & Garden"
21,"Art & Antiques","Home & Garden"
1237,"Art & Antiques","Home & Garden"
1236,"Art & Antiques","Home & Garden"
21286,"Art & Antiques","Home & Garden"
1460,"Decoration & Lighting","Home & Garden"
36,"Decoration & Lighting","Home & Garden"
373,"Tools & Building Materials","Home & Garden"
21262,"Garden & Patio","Home & Garden"
21266,"Garden & Patio","Home & Garden"
197,"Garden & Patio","Home & Garden"
193,"Garden & Patio","Home & Garden"
649,"Garden & Patio","Home & Garden"
21263,"Garden & Patio","Home & Garden"
622,"Garden & Patio","Home & Garden"
21264,"Garden & Patio","Home & Garden"
697,"Garden & Patio","Home & Garden"
198,"Garden & Patio","Home & Garden"
21265,"Garden & Patio","Home & Garden"
21260,"Home Appliances","Home & Garden"
21261,"Home Appliances","Home & Garden"
40,"Home Appliances","Home & Garden"
55,"Home Appliances","Home & Garden"
56,"Home Appliances","Home & Garden"
330,"Kitchen","Home & Garden"
599,"Kitchen","Home & Garden"
21254,"Kitchen","Home & Garden"
21251,"Kitchen","Home & Garden"
35,"Kitchen","Home & Garden"
39,"Kitchen","Home & Garden"
999,"Kitchen","Home & Garden"
43,"Kitchen","Home & Garden"
84,"Kitchen","Home & Garden"
21255,"Kitchen","Home & Garden"
33,"Kitchen","Home & Garden"
21253,"Kitchen","Home & Garden"
21252,"Kitchen","Home & Garden"
21257,"Bathroom Furniture","Home & Garden"
21242,"Bedroom Furniture","Home & Garden"
21238,"Bedroom Furniture","Home & Garden"
21243,"Bedroom Furniture","Home & Garden"
21245,"Bedroom Furniture","Home & Garden"
21239,"Bedroom Furniture","Home & Garden"
21241,"Bedroom Furniture","Home & Garden"
21244,"Bedroom Furniture","Home & Garden"
21240,"Bedroom Furniture","Home & Garden"
21237,"Bedroom Furniture","Home & Garden"
47,"Dining Room Furniture","Home & Garden"
21248,"Dining Room Furniture","Home & Garden"
21246,"Dining Room Furniture","Home & Garden"
21247,"Dining Room Furniture","Home & Garden"
21269,"Other Furniture","Home & Garden"
21271,"Other Furniture","Home & Garden"
21268,"Other Furniture","Home & Garden"
13083,"Other Furniture","Home & Garden"
336,"Other Furniture","Home & Garden"
10061,"Other Furniture","Home & Garden"
627,"Other Furniture","Home & Garden"
341,"Other Furniture","Home & Garden"
21163,"Accountancy","Jobs"
21162,"Accountancy","Jobs"
21161,"Accountancy","Jobs"
7041,"Administration & Office","Jobs"
7013,"Administration & Office","Jobs"
21164,"Advertising, Marketing & PR","Jobs"
21167,"Advertising, Marketing & PR","Jobs"
21168,"Advertising, Marketing & PR","Jobs"
21165,"Advertising, Marketing & PR","Jobs"
21166,"Advertising, Marketing & PR","Jobs"
21169,"Advertising, Marketing & PR","Jobs"
7005,"Aviation & Aerospace","Jobs"
8050,"Banking, Insurance & Finance","Jobs"
7011,"Catering & Hospitality","Jobs"
7024,"Cleaning, Nanny & Home Care","Jobs"
21170,"Construction & Engineering","Jobs"
21171,"Construction & Engineering","Jobs"
21172,"Construction & Engineering","Jobs"
21205,"Education & Teaching","Jobs"
21206,"Education & Teaching","Jobs"
21207,"Education & Teaching","Jobs"
21208,"Education & Teaching","Jobs"
21209,"Education & Teaching","Jobs"
21210,"Education & Teaching","Jobs"
21211,"Education & Teaching","Jobs"
21212,"Education & Teaching","Jobs"
21213,"Education & Teaching","Jobs"
21214,"Education & Teaching","Jobs"
21215,"Education & Teaching","Jobs"
21216,"Education & Teaching","Jobs"
21217,"Education & Teaching","Jobs"
21218,"Education & Teaching","Jobs"
21219,"Education & Teaching","Jobs"
21220,"Education & Teaching","Jobs"
21221,"Education & Teaching","Jobs"
21193,"Entertainment, Media & Creative","Jobs"
21194,"Entertainment, Media & Creative","Jobs"
21195,"Entertainment, Media & Creative","Jobs"
21196,"Entertainment, Media & Creative","Jobs"
21197,"Entertainment, Media & Creative","Jobs"
7016,"Farm, Vet, Garden & Landscaping","Jobs"
7027,"Farm, Vet, Garden & Landscaping","Jobs"
7017,"Farm, Vet, Garden & Landscaping","Jobs"
21181,"Health, Beauty & Fitness","Jobs"
21182,"Health, Beauty & Fitness","Jobs"
21183,"Health, Beauty & Fitness","Jobs"
21184,"Healthcare, Medical & Pharmaceutical","Jobs"
21185,"Healthcare, Medical & Pharmaceutical","Jobs"
21186,"Healthcare, Medical & Pharmaceutical","Jobs"
21187,"Healthcare, Medical & Pharmaceutical","Jobs"
21188,"Healthcare, Medical & Pharmaceutical","Jobs"
21189,"Healthcare, Medical & Pharmaceutical","Jobs"
7038,"HR & Recruitment","Jobs"
21178,"IT & Telecommunication","Jobs"
21174,"IT & Telecommunication","Jobs"
21175,"IT & Telecommunication","Jobs"
21176,"IT & Telecommunication","Jobs"
21177,"IT & Telecommunication","Jobs"
21190,"Legal & Paralegal","Jobs"
21191,"Legal & Paralegal","Jobs"
21192,"Legal & Paralegal","Jobs"
21203,"Leisure, Travel & Tourism","Jobs"
21204,"Leisure, Travel & Tourism","Jobs"
21179,"Logistics, Warehouse & Driving","Jobs"
21180,"Logistics, Warehouse & Driving","Jobs"
119,"Non-profit & Charity","Jobs"
7018,"Other Jobs","Jobs"
7039,"Retail & Wholesale","Jobs"
7040,"Sales","Jobs"
7042,"Security & Safety","Jobs"
7043,"Social Care","Jobs"
7007,"Student, Graduate & Part-time","Jobs"
116,"Student, Graduate & Part-time","Jobs"
371,"Student, Graduate & Part-time","Jobs"
7045,"Student, Graduate & Part-time","Jobs"
21173,"Trades & Skilled Labour","Jobs"
9040,"Businesses for Sale","Property"
21309,"Commercial Property for Rent","Property"
21310,"Commercial Property for Rent","Property"
1262,"Commercial Property for Sale","Property"
1260,"Commercial Property for Sale","Property"
1224,"Flatshare & Rooms for Rent","Property"
160,"Garage & Parking","Property"
1120,"Garage & Parking","Property"
977,"Houses & Flats for Rent","Property"
976,"Houses & Flats for Rent","Property"
974,"Houses & Flats for Sale","Property"
975,"Houses & Flats for Sale","Property"
991,"Other Property","Property"
8122,"Other Property","Property"
992,"Other Property","Property"
267,"Other Property","Property"
10717,"Overseas Property","Property"
10718,"Overseas Property","Property"
10719,"Overseas Property","Property"
1361,"Plots & Land","Property"
207,"Birds","Pets & Animals"
209,"Cats & Kittens","Pets & Animals"
208,"Dogs & Puppies","Pets & Animals"
211,"Fish, Tanks & Aquariums","Pets & Animals"
218,"Horses","Pets & Animals"
206,"Other Animals","Pets & Animals"
632,"Pet Accessories","Pets & Animals"
210,"Rabbits","Pets & Animals"
10520,"Reptiles","Pets & Animals"
8030,"Building & Decorating","Services"
127,"Business Services","Services"
93,"Catering","Services"
8041,"Computer-related Services","Services"
165,"Domestic Services","Services"
170,"Domestic Services","Services"
177,"Domestic Services","Services"
169,"Domestic Services","Services"
397,"Domestic Services","Services"
377,"Domestic Services","Services"
21157,"Financial Services","Services"
147,"Financial Services","Services"
152,"Financial Services","Services"
156,"Financial Services","Services"
8043,"Gardening & Landscaping","Services"
8032,"Health & Beauty","Services"
17,"Legal Services","Services"
5017,"Motoring Services","Services"
8034,"Other Services","Services"
583,"Pet Services","Services"
678,"Photography","Services"
148,"Removals & Courier Services","Services"
175,"Removals & Courier Services","Services"
179,"Repairs","Services"
349,"Repairs","Services"
362,"Repairs","Services"
372,"Repairs","Services"
568,"Repairs","Services"
228,"Repairs","Services"
12826,"Repairs","Services"
225,"Taxi, Coach & Limousine Hire","Services"
94,"Taxi, Coach & Limousine Hire","Services"
87,"Wedding Services","Services"
