ID;upsell;print area;print edition;print expire
12958746;"Top Ad";"N";"";""
13062893;"Top Ad";"N";"";""
13065873;"Flashing";"N";"";""
13041132;"Top Ad,Print booster";"Y";"G";"2014-12-02 00:00:00"
12807338;"Top Ad";"Y";"";""
13063744;"Top Ad,Print booster";"Y";"K,F,G";"2014-12-02 00:00:00"
13060956;"Top Ad";"N";"";""
13066978;"Top Ad";"Y";"";""
13063491;"Urgent,Top Ad,Flashing,Online highlighted";"N";"";""
12609980;"Top Ad";"Y";"";""
13058517;"Urgent,Top Ad,Online highlighted";"N";"";""
13061974;"Top Ad";"Y";"";""
13069281;"Urgent";"N";"";""
13040792;"Top Ad,Online highlighted,Print booster";"Y";"A,C,B,F,AD";"2014-12-09 00:00:00"
13058768;"Flashing";"Y";"";""
13067712;"Top Ad,Print booster";"Y";"F";"2014-12-02 00:00:00"
13069596;"Flashing";"Y";"";""
13068019;"Top Ad";"Y";"";""
13059028;"Top Ad";"Y";"";""
13067387;"Top Ad";"Y";"";""
10246599;"Urgent";"N";"";""
13066104;"Online highlighted";"Y";"";""
13039438;"Top Ad";"N";"";""
12492121;"Flashing";"N";"";""
13063974;"Top Ad";"Y";"";""
13063309;"Top Ad";"Y";"";""
13003878;"Top Ad";"Y";"";""
12913239;"Top Ad";"Y";"";""
13068247;"Flashing";"N";"";""
12777865;"Top Ad,Online highlighted";"N";"";""
12744230;"Top Ad,Online highlighted,Print booster";"Y";"A";"2014-12-30 00:00:00"
13060101;"Top Ad,Print booster";"Y";"F";"2014-12-09 00:00:00"
13067366;"Urgent";"N";"";""
12988872;"Top Ad";"Y";"";""
13058762;"Top Ad";"Y";"";""
13058795;"Urgent,Top Ad";"Y";"";""
13051851;"Top Ad";"Y";"";""
13062166;"Top Ad,Print booster";"Y";"D,A,E";"2014-12-02 00:00:00"
13058337;"Top Ad";"N";"";""
13062365;"Top Ad";"Y";"";""
13066477;"Top Ad";"N";"";""
11826195;"Top Ad";"N";"";""
13069054;"Top Ad";"N";"";""
12985510;"Top Ad";"N";"";""
13060684;"Top Ad";"Y";"";""
13066696;"Urgent,Top Ad";"Y";"";""
13061516;"Urgent,Print booster";"Y";"G";"2014-12-02 00:00:00"
13058317;"Top Ad";"Y";"";""
12968447;"Top Ad";"N";"";""
13048708;"Top Ad";"Y";"";""
13059925;"Top Ad,Flashing,Online highlighted";"N";"";""
12953613;"Flashing,Online highlighted,Print booster";"Y";"F,G,K";"2014-12-02 00:00:00"
13058648;"Urgent,Top Ad,Flashing";"Y";"";""
13067972;"Urgent,Top Ad,Print booster";"Y";"C,E,A,D,B";"2014-12-09 00:00:00"
13062850;"Top Ad,Print booster";"Y";"D,A,E,C,AD";"2014-12-02 00:00:00"
13057909;"Top Ad,Print booster";"Y";"E";"2014-12-02 00:00:00"
13063931;"Top Ad";"N";"";""
13067514;"Urgent,Top Ad,Print booster";"Y";"P,F,AD";"2014-12-09 00:00:00"
13063885;"Urgent,Top Ad";"N";"";""
13006421;"Top Ad";"N";"";""
13060515;"Top Ad";"N";"";""
12663808;"Top Ad";"N";"";""
13060989;"Top Ad";"N";"";""
13068576;"Top Ad";"Y";"";""
13063315;"Top Ad";"N";"";""
12274840;"Print booster,Print booster";"Y";"E,A,D,C,AD";"2014-12-16 00:00:00"
12967734;"Top Ad";"N";"";""
13064276;"Urgent,Top Ad,Print booster";"Y";"A,F,G,B,C";"2014-12-23 00:00:00"
12891339;"Top Ad";"N";"";""
13068258;"Urgent";"Y";"";""
13048382;"Top Ad";"Y";"";""
13067788;"Top Ad,Print booster";"Y";"A,B,G";"2014-12-02 00:00:00"
13062693;"Urgent,Top Ad,Print booster";"Y";"TI,1U,AD";"2014-12-23 00:00:00"
12927960;"Top Ad";"N";"";""
13065621;"Top Ad";"N";"";""
13026794;"Top Ad";"N";"";""
13057402;"Top Ad,Print booster";"Y";"K,G,F";"2014-12-02 00:00:00"
13056980;"Top Ad";"Y";"";""
12683527;"Top Ad,Print booster";"Y";"G,A,B";"2014-12-09 00:00:00"
13064398;"Top Ad,Print booster";"Y";"E";"2014-12-02 00:00:00"
13062479;"Top Ad,Print booster";"Y";"C";"2014-12-02 00:00:00"
13068889;"Urgent,Top Ad,Online highlighted,Print booster";"Y";"E,A,C";"2014-12-30 00:00:00"
11455842;"Top Ad";"N";"";""
13028502;"Top Ad";"N";"";""
13058313;"Top Ad";"Y";"";""
13061849;"Top Ad";"Y";"";""
13050837;"Top Ad,Print booster";"Y";"G";"2014-12-09 00:00:00"
13064952;"Urgent,Top Ad,Online highlighted,Print booster";"Y";"D,A,AD";"2014-12-02 00:00:00"
13068308;"Urgent";"N";"";""
13058657;"Top Ad,Online highlighted";"N";"";""
12980794;"Top Ad";"N";"";""
12956556;"Top Ad,Flashing,Online highlighted";"Y";"";""
13058166;"Top Ad";"Y";"";""
13059091;"Top Ad";"N";"";""
13069164;"Top Ad";"Y";"";""
13069469;"Top Ad";"N";"";""
13063455;"Top Ad";"N";"";""
13065746;"Top Ad,Print booster";"Y";"E";"2014-12-02 00:00:00"
13056080;"Urgent";"N";"";""
13059944;"Top Ad,Print booster";"Y";"E,C,A,D,AD";"2014-12-09 00:00:00"
13049430;"Top Ad,Print booster";"Y";"E";"2014-12-02 00:00:00"
13029412;"Flashing";"Y";"";""
13068887;"Top Ad";"N";"";""
12880038;"Top Ad";"N";"";""
13062296;"Urgent";"N";"";""
13060787;"Top Ad,Print booster";"Y";"F,A,AD";"2014-12-02 00:00:00"
13003649;"Top Ad,Print booster";"Y";"K,G,F,A,B";"2014-12-09 00:00:00"
13060735;"Top Ad";"N";"";""
13064141;"Top Ad,Flashing,Print booster";"Y";"C,B,E,A,G";"2014-12-02 00:00:00"
13067789;"Urgent,Top Ad,Flashing,Online highlighted";"N";"";""
13018634;"Top Ad,Flashing,Online highlighted";"N";"";""
13060117;"Urgent,Top Ad,Online highlighted";"N";"";""
13067473;"Urgent,Top Ad";"Y";"";""
13063279;"Top Ad";"Y";"";""
12995148;"Top Ad,Flashing,Online highlighted";"N";"";""
13056670;"Top Ad";"Y";"";""
13062518;"Urgent,Top Ad";"Y";"";""
13068974;"Urgent";"N";"";""
13056761;"Top Ad";"Y";"";""
13044708;"Top Ad";"N";"";""
11647060;"Top Ad,Online highlighted";"N";"";""
13067134;"Flashing";"Y";"";""
12805040;"Top Ad";"N";"";""
13063754;"Top Ad";"Y";"";""
13066140;"Top Ad,Flashing,Online highlighted,Print booster";"Y";"C,E,B,A,G";"2014-12-02 00:00:00"
13063740;"Urgent";"Y";"";""
13062732;"Top Ad";"N";"";""
12293563;"Basic,Top Ad";"N";"";""
13066077;"Top Ad,Print booster";"Y";"C,A,B";"2014-12-09 00:00:00"
13067601;"Top Ad,Online highlighted";"N";"";""
12923296;"Top Ad";"N";"";""
13021813;"Top Ad,Flashing,Print booster";"Y";"G,A,F,B,K";"2014-12-02 00:00:00"
13069710;"Top Ad";"N";"";""
13060032;"Top Ad";"N";"";""
13065891;"Top Ad,Print booster";"Y";"E,C,A,D,AD";"2014-12-09 00:00:00"
13056637;"Top Ad";"N";"";""
13043876;"Top Ad,Flashing";"Y";"";""
13068687;"Top Ad";"Y";"";""
12755370;"Top Ad,Flashing,Online highlighted";"Y";"";""
12842741;"Online highlighted";"N";"";""
13067921;"Top Ad,Print booster";"Y";"C,B,A";"2014-12-09 00:00:00"
13058225;"Online highlighted,Print booster";"Y";"C";"2014-12-02 00:00:00"
13062637;"Top Ad";"N";"";""
13002752;"Online highlighted";"Y";"";""
13047014;"Top Ad,Print booster";"Y";"G";"2014-12-02 00:00:00"
13060516;"Top Ad,Print booster";"Y";"A,C,F";"2014-12-02 00:00:00"
13049029;"Top Ad,Online highlighted";"N";"";""
13065469;"Top Ad";"Y";"";""
13057379;"Urgent";"N";"";""
13068656;"Top Ad,Print booster";"Y";"A,F,AD,D,C";"2014-12-16 00:00:00"
13055394;"Urgent,Top Ad";"Y";"";""
13063344;"Online highlighted";"Y";"";""
13063552;"Top Ad,Print booster";"Y";"K,G,F";"2014-12-02 00:00:00"
13058787;"Top Ad";"Y";"";""
12111624;"Top Ad";"Y";"";""
13068930;"Top Ad";"Y";"";""
13060563;"Top Ad";"N";"";""
13062093;"Top Ad";"N";"";""
12625358;"Basic,Top Ad,Online highlighted";"N";"";""
12868218;"Top Ad";"N";"";""
13056656;"Top Ad,Print booster";"Y";"P";"2014-12-09 00:00:00"
13021896;"Online highlighted,Print booster";"Y";"E,C,A";"2014-12-02 00:00:00"
12972898;"Top Ad";"N";"";""
13037685;"Top Ad,Print booster";"Y";"E,C,A";"2014-12-16 00:00:00"
12781736;"Top Ad";"Y";"";""
12076903;"Top Ad";"N";"";""
13067522;"Top Ad";"N";"";""
12915041;"Top Ad";"N";"";""
13056810;"Top Ad,Print booster";"Y";"F";"2014-12-09 00:00:00"
12992589;"Top Ad,Flashing,Online highlighted";"N";"";""
13034385;"Top Ad";"Y";"";""
12967833;"Top Ad,Print booster";"Y";"A,F,AD,C,D";"2014-12-02 00:00:00"
13061558;"Top Ad,Print booster";"Y";"C";"2014-12-02 00:00:00"
13057637;"Top Ad";"Y";"";""
13067374;"Top Ad,Print booster";"Y";"E,C,A";"2014-12-02 00:00:00"
13059777;"Top Ad";"Y";"";""
13056415;"Flashing,Print booster";"Y";"F,A,AD,G,K";"2014-12-02 00:00:00"
13057157;"Top Ad,Print booster";"Y";"K";"2014-12-23 00:00:00"
13069803;"Top Ad";"Y";"";""
13026497;"Top Ad,Print booster";"Y";"G,A,F,B,K";"2014-12-09 00:00:00"
13067956;"Top Ad";"Y";"";""
12958595;"Online highlighted,Print booster";"Y";"D,A,E,AD,G";"2014-12-02 00:00:00"
12964957;"Top Ad,Print booster";"Y";"G,K,F,A,B";"2014-12-09 00:00:00"
13062010;"Top Ad";"N";"";""
13069738;"Urgent,Top Ad,Print booster";"Y";"K,F,G,AD,1U";"2014-12-09 00:00:00"
13046231;"Top Ad,Print booster";"Y";"E,C,A";"2014-12-16 00:00:00"
13051002;"Top Ad,Print booster";"Y";"K";"2014-12-23 00:00:00"
13067246;"Top Ad";"Y";"";""
13066947;"Top Ad,Online highlighted,Print booster";"Y";"K,G,F";"2014-12-02 00:00:00"
13036781;"Top Ad";"N";"";""
12929445;"Urgent";"N";"";""
10118981;"Top Ad";"N";"";""
13068646;"Top Ad";"N";"";""
12510405;"Top Ad";"Y";"";""
13039865;"Top Ad";"N";"";""
13067953;"Urgent,Top Ad,Online highlighted";"Y";"";""
13060646;"Top Ad,Print booster";"Y";"C";"2014-12-09 00:00:00"
12956230;"Top Ad";"N";"";""
12999457;"Top Ad";"Y";"";""
13066743;"Urgent,Top Ad";"N";"";""
13034233;"Top Ad";"Y";"";""
13069356;"Top Ad,Online highlighted,Print booster";"Y";"P,F,AD";"2014-12-09 00:00:00"
13010734;"Top Ad";"N";"";""
13064038;"Flashing,Online highlighted,Print booster";"Y";"G";"2014-12-02 00:00:00"
12954788;"Flashing";"N";"";""
12971410;"Top Ad";"Y";"";""
13063869;"Urgent,Top Ad,Print booster";"Y";"E,C,A,D,AD";"2014-12-02 00:00:00"
13034483;"Top Ad";"Y";"";""
13007113;"Top Ad";"N";"";""
13068189;"Urgent,Top Ad,Online highlighted,Print booster";"Y";"G,K,F";"2014-12-09 00:00:00"
13059132;"Urgent,Top Ad,Flashing,Online highlighted,Print booster";"Y";"F,G,K";"2014-12-02 00:00:00"
13060106;"Top Ad";"Y";"";""
12223630;"Top Ad";"N";"";""
13069842;"Top Ad";"Y";"";""
13058516;"Urgent,Top Ad";"Y";"";""
13062934;"Top Ad,Print booster";"Y";"A,C,D,AD,E";"2014-12-09 00:00:00"
13058651;"Top Ad,Flashing";"Y";"";""
12904574;"Flashing,Online highlighted";"N";"";""
13056546;"Urgent,Top Ad,Flashing,Online highlighted";"N";"";""
13062084;"Top Ad,Print booster";"Y";"K,G,F";"2014-12-16 00:00:00"
13068186;"Top Ad";"N";"";""
13067637;"Top Ad,Flashing";"Y";"";""
12960033;"Flashing";"Y";"";""
13066567;"Urgent";"N";"";""
13056462;"Urgent,Top Ad,Print booster";"Y";"A,C,D,AD,E";"2014-12-09 00:00:00"
11277807;"Online highlighted,Print booster";"Y";"E,C,A,D,B";"2015-01-20 00:00:00"
13020588;"Top Ad,Online highlighted,Print booster";"Y";"AD,F,A";"2014-12-02 00:00:00"
13062421;"Top Ad,Flashing";"Y";"";""
13058315;"Urgent,Top Ad";"N";"";""
13059926;"Top Ad,Flashing,Online highlighted";"N";"";""
13066534;"Urgent,Top Ad";"Y";"";""
13068798;"Top Ad,Print booster";"Y";"K";"2014-12-16 00:00:00"
11718491;"Top Ad";"Y";"";""
13028817;"Online highlighted";"N";"";""
13052324;"Top Ad";"N";"";""
13058318;"Top Ad,Print booster";"Y";"A,AD,F,D,C";"2014-12-09 00:00:00"
12959517;"Top Ad,Print booster";"Y";"A,C,AD,F,D";"2014-12-30 00:00:00"
13063792;"Top Ad";"Y";"";""
13063435;"Top Ad";"Y";"";""
13060475;"Top Ad,Print booster";"Y";"A,F,G";"2014-12-02 00:00:00"
13053427;"Top Ad,Flashing,Online highlighted";"N";"";""
13067231;"Flashing";"N";"";""
13060518;"Top Ad";"Y";"";""
13064862;"Top Ad,Print booster";"Y";"G,A,F,B,K";"2014-12-02 00:00:00"
12706783;"Top Ad";"N";"";""
13058310;"Urgent,Top Ad,Flashing,Online highlighted";"N";"";""
13060564;"Urgent,Top Ad";"N";"";""
13063706;"Top Ad";"N";"";""
13067730;"Urgent";"N";"";""
13059787;"Urgent,Top Ad";"N";"";""
13066364;"Top Ad";"Y";"";""
12768413;"Top Ad";"Y";"";""
13062036;"Urgent,Top Ad,Flashing";"N";"";""
12952221;"Top Ad";"N";"";""
13059887;"Top Ad";"N";"";""
13069886;"Urgent,Print booster";"Y";"F,G,K,A,AD";"2014-12-09 00:00:00"
13059138;"Top Ad";"Y";"";""
13061841;"Top Ad";"Y";"";""
13034292;"Top Ad,Print booster";"Y";"A,E,D,C,AD";"2014-12-09 00:00:00"
13021913;"Top Ad";"N";"";""
13066948;"Top Ad,Print booster";"Y";"E,C,A";"2014-12-02 00:00:00"
13062898;"Urgent,Top Ad,Print booster";"Y";"G";"2014-12-02 00:00:00"
13069014;"Top Ad";"Y";"";""
13064219;"Top Ad";"Y";"";""
13024719;"Top Ad,Flashing,Online highlighted";"N";"";""
13066578;"Flashing";"N";"";""
13064851;"Top Ad,Print booster";"Y";"G";"2014-12-02 00:00:00"
13050061;"Urgent,Top Ad,Flashing,Online highlighted,Print booster";"Y";"F,P,AD,G,A";"2014-12-02 00:00:00"
12723207;"Top Ad";"N";"";""
13063526;"Urgent,Top Ad,Flashing,Online highlighted";"Y";"";""
12815435;"Top Ad";"N";"";""
13056542;"Top Ad";"Y";"";""
13064326;"Top Ad";"Y";"";""
13009166;"Urgent";"Y";"";""
13068125;"Top Ad,Flashing";"Y";"";""
13061378;"Top Ad";"N";"";""
13061801;"Top Ad,Print booster";"Y";"F,A,G";"2014-12-02 00:00:00"
13039848;"Top Ad,Print booster";"Y";"G";"2014-12-02 00:00:00"
13064190;"Top Ad";"Y";"";""
13057436;"Top Ad";"N";"";""
13065619;"Top Ad,Print booster";"Y";"B";"2014-12-09 00:00:00"
13055973;"Top Ad";"Y";"";""
12024202;"Top Ad";"Y";"";""
13067325;"Flashing,Print booster";"Y";"TI,AD,G,1U,F";"2014-12-02 00:00:00"
13065614;"Urgent,Top Ad,Print booster";"Y";"C,E,B,A,G";"2014-12-02 00:00:00"
13064359;"Top Ad";"N";"";""
13065472;"Top Ad";"N";"";""
13065271;"Online highlighted";"N";"";""
13060104;"Top Ad";"Y";"";""
13062906;"Top Ad,Print booster";"Y";"K,F,G,P,AD";"2014-12-02 00:00:00"
13060506;"Urgent,Top Ad";"Y";"";""
13065395;"Top Ad";"N";"";""
12324815;"Top Ad";"N";"";""
13061072;"Top Ad";"Y";"";""
13064868;"Urgent,Top Ad,Print booster";"Y";"C,E,B";"2014-12-09 00:00:00"
13069350;"Top Ad";"Y";"";""
13016215;"Top Ad,Online highlighted";"N";"";""
12737744;"Top Ad";"N";"";""
12760401;"Top Ad";"Y";"";""
13066943;"Top Ad,Online highlighted,Print booster";"Y";"A,C,D";"2014-12-02 00:00:00"
12897358;"Top Ad,Print booster";"Y";"A,F,C";"2014-12-23 00:00:00"
13053046;"Top Ad";"Y";"";""
13056854;"Top Ad";"Y";"";""
13060612;"Top Ad";"Y";"";""
13042062;"Flashing";"Y";"";""
13057596;"Urgent";"N";"";""
13065361;"Top Ad";"Y";"";""
13054146;"Urgent,Top Ad,Online highlighted,Print booster";"Y";"F,P,AD,G,A";"2014-12-02 00:00:00"
13035271;"Top Ad,Online highlighted";"N";"";""
13064749;"Urgent";"N";"";""
13062742;"Top Ad";"N";"";""
13067952;"Top Ad,Print booster";"Y";"K,G,F,A,B";"2014-12-02 00:00:00"
13058955;"Online highlighted";"Y";"";""
13065400;"Top Ad,Print booster";"Y";"C,B,A,E,G";"2014-12-02 00:00:00"
13069153;"Top Ad";"Y";"";""
12056836;"Top Ad";"N";"";""
12922749;"Top Ad";"N";"";""
12938391;"Online highlighted";"N";"";""
13062066;"Top Ad";"Y";"";""
13063403;"Top Ad";"Y";"";""
13057759;"Top Ad,Print booster";"Y";"C,B,E";"2014-12-09 00:00:00"
12461014;"Top Ad,Print booster,Print booster";"Y";"E";"2014-12-02 00:00:00"
12709529;"Top Ad,Print booster";"Y";"F,P,AD";"2015-04-14 00:00:00"
13060806;"Urgent,Top Ad,Online highlighted,Print booster";"Y";"A,B,G";"2014-12-09 00:00:00"
13068312;"Online highlighted";"N";"";""
13003698;"Top Ad";"N";"";""
12952969;"Top Ad,Online highlighted,Print booster";"Y";"G,K,F,A,B";"2014-12-02 00:00:00"
13060520;"Urgent,Top Ad,Flashing,Online highlighted";"N";"";""
13057163;"Urgent,Top Ad";"N";"";""
13054902;"Top Ad,Print booster";"Y";"G";"2014-12-02 00:00:00"
13066410;"Top Ad";"Y";"";""
13066946;"Top Ad,Print booster";"Y";"E,D,A,C,AD";"2014-12-16 00:00:00"
12981748;"Top Ad,Flashing,Online highlighted";"N";"";""
13059005;"Urgent";"Y";"";""
13065347;"Top Ad";"N";"";""
13063481;"Urgent";"N";"";""
13033130;"Urgent";"Y";"";""
13061508;"Top Ad";"N";"";""
13060097;"Urgent,Top Ad,Print booster";"Y";"E,A,D";"2014-12-09 00:00:00"
13059917;"Urgent,Top Ad";"N";"";""
13057668;"Flashing";"Y";"";""
12906515;"Online highlighted";"Y";"";""
13056952;"Top Ad,Online highlighted";"Y";"";""
13062135;"Top Ad";"Y";"";""
13057403;"Top Ad";"N";"";""
13059702;"Top Ad";"N";"";""
13059824;"Top Ad";"N";"";""
13069253;"Top Ad,Print booster";"Y";"C,B,E,A,G";"2014-12-09 00:00:00"
13021600;"Top Ad";"N";"";""
13058509;"Urgent,Print booster";"Y";"G";"2014-12-16 00:00:00"
12903058;"Top Ad";"Y";"";""
13034839;"Top Ad";"Y";"";""
13069147;"Top Ad,Online highlighted";"N";"";""
13046755;"Urgent";"Y";"";""
13066126;"Top Ad";"Y";"";""
13062035;"Urgent,Top Ad,Flashing,Online highlighted";"N";"";""
13059210;"Top Ad,Online highlighted";"N";"";""
13043243;"Top Ad";"Y";"";""
13065404;"Top Ad,Print booster";"Y";"C";"2014-12-16 00:00:00"
13069152;"Top Ad";"Y";"";""
13067711;"Top Ad,Print booster";"Y";"K,G,F,A,B";"2014-12-02 00:00:00"
12758568;"Top Ad,Print booster";"Y";"A,F,C,AD,D";"2014-12-02 00:00:00"
13057845;"Top Ad";"Y";"";""
12241441;"Top Ad";"Y";"";""
13059134;"Top Ad,Print booster";"Y";"A,AD,D";"2014-12-02 00:00:00"
13064385;"Top Ad,Online highlighted,Print booster";"Y";"K";"2014-12-23 00:00:00"
13044281;"Top Ad";"N";"";""
13063493;"Top Ad,Print booster";"Y";"K,F,G";"2014-12-02 00:00:00"
13056638;"Top Ad";"N";"";""
13063864;"Top Ad";"N";"";""
13047910;"Urgent";"Y";"";""
13043745;"Top Ad,Print booster";"Y";"C,E,B,A,G";"2014-12-09 00:00:00"
13015393;"Top Ad,Flashing,Print booster";"Y";"G,A,B,F,K";"2014-12-02 00:00:00"
13057332;"Top Ad,Online highlighted,Print booster";"Y";"K,F,G,P,AD";"2014-12-02 00:00:00"
13065618;"Urgent,Top Ad,Print booster";"Y";"K,G,F,A,B";"2014-12-02 00:00:00"
13057547;"Top Ad";"Y";"";""
13058628;"Top Ad";"N";"";""
13005905;"Top Ad";"Y";"";""
13060954;"Urgent,Top Ad";"Y";"";""
13068334;"Top Ad";"N";"";""
13053270;"Top Ad,Print booster";"Y";"AD,D,F,A,P";"2014-12-23 00:00:00"
13058589;"Top Ad";"Y";"";""
13064187;"Top Ad";"Y";"";""
12967733;"Top Ad";"N";"";""
12885617;"Flashing";"N";"";""
13065742;"Urgent,Top Ad";"N";"";""
13061037;"Top Ad,Print booster";"Y";"D";"2014-12-23 00:00:00"
13060625;"Top Ad";"N";"";""
13063752;"Top Ad,Print booster";"Y";"E";"2014-12-02 00:00:00"
13063332;"Top Ad";"N";"";""
13058754;"Online highlighted,Print booster";"Y";"G,B,A";"2014-12-02 00:00:00"
13064079;"Top Ad,Print booster";"Y";"A,D,AD";"2014-12-16 00:00:00"
13012240;"Top Ad";"Y";"";""
13057164;"Urgent";"N";"";""
12897642;"Flashing";"N";"";""
13065039;"Top Ad,Print booster";"Y";"G,F,A,K,B";"2014-12-02 00:00:00"
13042729;"Urgent";"Y";"";""
13063751;"Urgent,Top Ad,Print booster";"Y";"E";"2014-12-02 00:00:00"
13069223;"Top Ad";"N";"";""
12892966;"Online highlighted";"N";"";""
13059788;"Top Ad";"Y";"";""
13067340;"Top Ad,Print booster";"Y";"K";"2014-12-09 00:00:00"
12870619;"Top Ad";"Y";"";""
12923299;"Top Ad";"N";"";""
12793805;"Top Ad";"Y";"";""
13064056;"Top Ad,Print booster";"Y";"G,K,F";"2014-12-02 00:00:00"
13048402;"Online highlighted";"N";"";""
13062301;"Top Ad,Online highlighted,Print booster";"Y";"P,F,AD";"2014-12-02 00:00:00"
13065064;"Top Ad";"Y";"";""
13028534;"Flashing";"N";"";""
13064847;"Top Ad";"N";"";""
12242371;"Top Ad";"N";"";""
13050836;"Top Ad,Print booster";"Y";"G";"2014-12-09 00:00:00"
12583240;"Top Ad";"Y";"";""
13065968;"Top Ad,Flashing,Print booster";"Y";"C,E,B,A,G";"2014-12-02 00:00:00"
13067738;"Top Ad";"Y";"";""
13058190;"Top Ad";"Y";"";""
13062162;"Urgent";"N";"";""
13057165;"Top Ad";"N";"";""
12411971;"Top Ad";"Y";"";""
13020145;"Top Ad,Flashing";"Y";"";""
13063962;"Top Ad";"Y";"";""
13058445;"Urgent";"Y";"";""
13010525;"Top Ad";"Y";"";""
13033534;"Urgent";"Y";"";""
13033866;"Top Ad";"N";"";""
12968676;"Top Ad";"Y";"";""
12958634;"Top Ad";"Y";"";""
13062385;"Flashing";"Y";"";""
13063920;"Top Ad";"Y";"";""
13032642;"Top Ad";"Y";"";""
13056552;"Urgent,Top Ad,Flashing,Online highlighted";"N";"";""
13058240;"Urgent,Top Ad,Print booster";"Y";"TI";"2014-12-02 00:00:00"
12335217;"Top Ad";"Y";"";""
13060262;"Flashing";"Y";"";""
13062520;"Top Ad";"N";"";""
13030089;"Top Ad";"Y";"";""
13048350;"Top Ad,Print booster";"Y";"E,C,A,D,AD";"2014-12-02 00:00:00"
13069364;"Top Ad";"N";"";""
13067598;"Top Ad,Print booster";"Y";"A";"2014-12-02 00:00:00"
12991770;"Top Ad";"N";"";""
13060983;"Urgent,Top Ad,Print booster";"Y";"B,A,G";"2014-12-09 00:00:00"
13002329;"Top Ad,Print booster";"Y";"D,E,A,C,AD";"2014-12-02 00:00:00"
12784521;"Print booster,Print booster";"Y";"G";"2014-12-02 00:00:00"
13057577;"Top Ad";"N";"";""
13063949;"Top Ad";"Y";"";""
13062612;"Urgent";"N";"";""
13066619;"Top Ad,Flashing,Online highlighted";"N";"";""
13051992;"Flashing";"Y";"";""
12954013;"Top Ad,Print booster";"Y";"K";"2014-12-09 00:00:00"
13045236;"Top Ad,Print booster";"Y";"TI,1U,AD,G,F";"2014-12-02 00:00:00"
13048398;"Top Ad";"Y";"";""
13058213;"Flashing";"N";"";""
13055910;"Top Ad";"Y";"";""
13043661;"Top Ad,Print booster";"Y";"C,A,B,G,E";"2014-12-02 00:00:00"
13037080;"Urgent";"Y";"";""
13067426;"Urgent";"Y";"";""
13062505;"Top Ad";"N";"";""
13059114;"Urgent";"Y";"";""
13034134;"Urgent,Top Ad";"Y";"";""
13064014;"Top Ad";"Y";"";""
13012092;"Top Ad";"Y";"";""
13058469;"Urgent,Top Ad,Print booster";"Y";"C,E,A";"2014-12-02 00:00:00"
12861379;"Print booster";"Y";"";""
13058052;"Top Ad,Flashing,Online highlighted";"Y";"";""
13043108;"Top Ad";"N";"";""
12948300;"Top Ad";"Y";"";""
13012921;"Top Ad";"Y";"";""
13066163;"Top Ad";"N";"";""
13067348;"Top Ad";"N";"";""
13060874;"Top Ad,Print booster";"Y";"F,A,G,K,AD";"2014-12-09 00:00:00"
13037610;"Top Ad,Print booster";"Y";"C,E,B,A,G";"2014-12-09 00:00:00"
13065617;"Urgent,Top Ad,Print booster";"Y";"E,A,C";"2014-12-02 00:00:00"
13060022;"Top Ad";"N";"";""
13065685;"Top Ad";"Y";"";""
13059970;"Top Ad,Online highlighted";"Y";"";""
13043538;"Online highlighted,Print booster";"Y";"K,G,F";"2014-12-02 00:00:00"
12955775;"Top Ad,Print booster";"Y";"F,A,G";"2014-12-23 00:00:00"
13050069;"Top Ad,Flashing,Online highlighted";"Y";"";""
13060863;"Top Ad,Print booster";"Y";"TI";"2014-12-09 00:00:00"
13061071;"Urgent,Top Ad";"N";"";""
10329490;"Top Ad,Print booster";"Y";"C,B,E";"2014-12-16 00:00:00"
13069229;"Top Ad,Print booster";"Y";"A,C,F";"2014-12-16 00:00:00"
13069744;"Top Ad";"N";"";""
13061224;"Top Ad";"Y";"";""
13066935;"Urgent";"N";"";""
13059275;"Online highlighted,Print booster";"Y";"E";"2015-01-20 00:00:00"
13061778;"Top Ad";"Y";"";""
10647266;"Print booster,Print booster";"Y";"K,F,G";"2014-12-23 00:00:00"
12952176;"Top Ad";"Y";"";""
13058424;"Online highlighted,Print booster";"Y";"E";"2014-12-09 00:00:00"
13057908;"Top Ad,Print booster";"Y";"K,F,G";"2014-12-02 00:00:00"
11009596;"Urgent";"Y";"";""
13060947;"Top Ad";"N";"";""
13060089;"Flashing";"N";"";""
13062900;"Top Ad,Print booster";"Y";"K,F,G,AD,1U";"2014-12-02 00:00:00"
11728083;"Top Ad";"N";"";""
13062681;"Top Ad";"N";"";""
13060942;"Urgent,Top Ad";"Y";"";""
12731508;"Top Ad";"N";"";""
13057023;"Urgent,Top Ad,Print booster";"Y";"F";"2014-12-02 00:00:00"
13053017;"Top Ad";"Y";"";""
13063697;"Urgent,Top Ad,Print booster";"Y";"G";"2014-12-02 00:00:00"
13061843;"Top Ad,Print booster";"Y";"F,A,G";"2014-12-02 00:00:00"
13069737;"Top Ad";"N";"";""
13058460;"Top Ad";"N";"";""
13055621;"Urgent";"Y";"";""
13058423;"Online highlighted,Print booster";"Y";"E";"2014-12-09 00:00:00"
13067667;"Urgent";"N";"";""
12567886;"Print booster,Print booster";"Y";"C,B,E,A,G";"2015-01-13 00:00:00"
13065501;"Top Ad";"Y";"";""
13062468;"Top Ad,Online highlighted";"N";"";""
13055265;"Top Ad,Online highlighted";"N";"";""
13059133;"Urgent,Print booster";"Y";"G";"2014-12-23 00:00:00"
13059083;"Top Ad,Print booster";"Y";"C,E,B";"2014-12-02 00:00:00"
13062285;"Top Ad";"N";"";""
13005778;"Top Ad";"N";"";""
12830612;"Urgent,Top Ad,Online highlighted";"N";"";""
13057155;"Top Ad";"Y";"";""
13056982;"Top Ad";"Y";"";""
12987460;"Top Ad,Online highlighted,Print booster";"Y";"E,C,A";"2014-12-09 00:00:00"
13058563;"Top Ad";"N";"";""
13069401;"Top Ad";"N";"";""
13057167;"Top Ad";"Y";"";""
13062593;"Top Ad";"Y";"";""
11540731;"Top Ad,Flashing,Online highlighted";"Y";"";""
13060236;"Top Ad,Flashing";"N";"";""
13052626;"Urgent,Top Ad";"Y";"";""
13016293;"Top Ad";"N";"";""
13067161;"Top Ad";"N";"";""
13057162;"Top Ad,Online highlighted,Print booster";"Y";"F";"2014-12-09 00:00:00"
12068725;"Top Ad";"Y";"";""
13058379;"Top Ad,Online highlighted";"N";"";""
13053654;"Flashing";"N";"";""
13068212;"Top Ad,Flashing,Online highlighted,Print booster";"Y";"";""
13065784;"Urgent";"Y";"";""
13060306;"Top Ad";"Y";"";""
13057156;"Top Ad";"Y";"";""
13067951;"Top Ad,Print booster";"Y";"A,B,F,G,C";"2014-12-02 00:00:00"
13069360;"Urgent,Top Ad,Online highlighted";"N";"";""
13067393;"Urgent";"N";"";""
13061887;"Top Ad,Print booster";"Y";"K,G,F";"2014-12-09 00:00:00"
13060099;"Top Ad,Online highlighted,Print booster";"Y";"B,C,A";"2014-12-23 00:00:00"
13070028;"Top Ad";"N";"";""
13015081;"Top Ad";"Y";"";""
13065497;"Top Ad";"N";"";""
13066900;"Top Ad";"Y";"";""
13047216;"Top Ad";"Y";"";""
13059403;"Top Ad";"N";"";""
13066073;"Top Ad,Online highlighted";"N";"";""
13053595;"Flashing";"N";"";""
13056474;"Urgent,Top Ad";"Y";"";""
13035351;"Online highlighted";"N";"";""
11631632;"Top Ad,Online highlighted,Print booster,Print booster";"Y";"K,G,F";"2014-12-23 00:00:00"
13067245;"Top Ad";"N";"";""
13057429;"Top Ad";"N";"";""
13065464;"Top Ad,Print booster";"Y";"E";"2014-12-09 00:00:00"
13062090;"Top Ad";"N";"";""
13057153;"Top Ad";"Y";"";""
13067490;"Top Ad";"Y";"";""
13060421;"Online highlighted";"Y";"";""
13060452;"Top Ad,Print booster";"Y";"D,A,AD,E,C";"2014-12-02 00:00:00"
13062072;"Urgent,Top Ad";"N";"";""
13066447;"Flashing,Online highlighted";"N";"";""
13062849;"Top Ad,Online highlighted";"Y";"";""
13056598;"Urgent,Top Ad,Flashing,Online highlighted";"N";"";""
13061123;"Top Ad";"Y";"";""
13061725;"Top Ad";"N";"";""
13068895;"Top Ad,Print booster";"Y";"B,C,A,G,E";"2014-12-30 00:00:00"
13063915;"Top Ad";"N";"";""
13058234;"Urgent,Top Ad,Flashing,Online highlighted,Print booster";"Y";"TI,AD,G";"2014-12-02 00:00:00"
12937486;"Online highlighted";"N";"";""
12985375;"Top Ad,Flashing,Online highlighted";"Y";"";""
12898763;"Flashing";"N";"";""
13060105;"Top Ad";"N";"";""
13069495;"Top Ad";"Y";"";""
13025039;"Top Ad,Online highlighted";"Y";"";""
12981108;"Top Ad";"Y";"";""
13059369;"Urgent,Flashing,Print booster";"Y";"F,A,G";"2014-12-02 00:00:00"
13060665;"Top Ad,Flashing";"Y";"";""
13057817;"Top Ad";"N";"";""
13055946;"Top Ad,Flashing,Online highlighted,Print booster";"Y";"F,A,AD,G,K";"2014-12-09 00:00:00"
12900877;"Top Ad";"N";"";""
13058537;"Top Ad,Print booster";"Y";"F";"2014-12-02 00:00:00"
13064030;"Urgent,Top Ad";"Y";"";""
13069320;"Urgent,Flashing,Print booster";"Y";"C";"2014-12-09 00:00:00"
13057290;"Top Ad,Flashing";"Y";"";""
13058495;"Urgent,Online highlighted";"Y";"";""
13059612;"Top Ad,Flashing";"N";"";""
13036853;"Urgent,Print booster";"Y";"K";"2014-12-02 00:00:00"
13062453;"Top Ad";"Y";"";""
12979025;"Top Ad,Flashing,Online highlighted";"Y";"";""
13066455;"Top Ad";"Y";"";""
13062252;"Top Ad,Online highlighted";"N";"";""
13064323;"Urgent";"N";"";""
13059209;"Top Ad";"Y";"";""
12588493;"Flashing";"N";"";""
12985353;"Top Ad";"Y";"";""
13060974;"Top Ad";"Y";"";""
13066962;"Top Ad,Print booster";"Y";"F,P,AD";"2014-12-02 00:00:00"
13069817;"Top Ad,Print booster";"Y";"P,F,AD";"2014-12-16 00:00:00"
13069005;"Top Ad";"N";"";""
13060720;"Top Ad,Print booster";"Y";"A,AD,D";"2014-12-02 00:00:00"
13056831;"Urgent,Flashing";"Y";"";""
13002758;"Top Ad,Flashing,Online highlighted,Print booster";"Y";"E";"2014-12-02 00:00:00"
12887778;"Flashing";"N";"";""
13069559;"Top Ad";"Y";"";""
13068585;"Top Ad";"Y";"";""
13056554;"Top Ad";"Y";"";""
12782165;"Top Ad";"N";"";""
13059434;"Top Ad";"N";"";""
13056871;"Online highlighted";"N";"";""
13003711;"Top Ad";"Y";"";""
12133772;"Top Ad";"N";"";""
13036712;"Online highlighted";"Y";"";""
13052132;"Top Ad";"N";"";""
13032136;"Top Ad";"Y";"";""
13058233;"Urgent,Top Ad,Flashing,Online highlighted,Print booster";"Y";"TI,AD,G";"2014-12-02 00:00:00"
13007930;"Top Ad";"N";"";""
13057151;"Urgent,Top Ad,Print booster";"Y";"C,A,E";"2014-12-09 00:00:00"
13067713;"Flashing,Print booster";"Y";"E";"2014-12-02 00:00:00"
12971357;"Basic,Top Ad,Flashing";"Y";"";""
13057381;"Top Ad,Online highlighted";"Y";"";""
13064367;"Top Ad";"N";"";""
12580701;"Top Ad";"N";"";""
13065790;"Urgent";"Y";"";""
13069351;"Top Ad";"Y";"";""
10937996;"Top Ad,Print booster";"Y";"K,G,F,A,P";"2014-12-30 00:00:00"
12754180;"Urgent";"N";"";""
13066220;"Online highlighted,Print booster";"Y";"G,A,F,B,K";"2014-12-02 00:00:00"
13061307;"Top Ad,Flashing";"Y";"";""
11953857;"Flashing";"N";"";""
13067883;"Top Ad";"N";"";""
13067933;"Top Ad";"Y";"";""
13059119;"Top Ad,Online highlighted";"Y";"";""
13064796;"Top Ad,Flashing,Print booster";"Y";"E,C,A";"2014-12-02 00:00:00"
12967377;"Top Ad";"Y";"";""
13057158;"Urgent,Top Ad,Print booster";"Y";"K";"2014-12-02 00:00:00"
13055752;"Urgent,Top Ad";"N";"";""
13064179;"Top Ad,Print booster";"Y";"E,C,A";"2014-12-09 00:00:00"
13069189;"Urgent";"Y";"";""
12971299;"Top Ad";"N";"";""
12739148;"Print booster,Print booster";"Y";"G,F,K";"2015-01-13 00:00:00"
13036339;"Top Ad,Flashing";"N";"";""
10828408;"Top Ad,Print booster,Print booster";"Y";"C,A,E,B,D";"2014-12-23 00:00:00"
13066264;"Urgent,Top Ad";"Y";"";""
13063480;"Urgent";"N";"";""
13067732;"Top Ad";"N";"";""
13003696;"Top Ad";"N";"";""
13056716;"Top Ad";"N";"";""
13060918;"Urgent,Top Ad";"Y";"";""
12745169;"Urgent";"N";"";""
13058311;"Urgent,Top Ad,Flashing,Online highlighted";"N";"";""
13043490;"Top Ad";"N";"";""
12294276;"Top Ad,Flashing,Online highlighted,Print booster";"Y";"C,E,B,A,G";"2014-12-02 00:00:00"
13060098;"Top Ad";"N";"";""
13062429;"Top Ad,Print booster";"Y";"E";"2014-12-09 00:00:00"
13064289;"Urgent,Top Ad,Print booster";"Y";"A,F,G,B,C";"2014-12-23 00:00:00"
13056747;"Urgent";"Y";"";""
12959163;"Online highlighted";"Y";"";""
13057441;"Urgent,Top Ad";"Y";"";""
13067385;"Top Ad";"Y";"";""
12974043;"Top Ad,Flashing";"N";"";""
13057857;"Top Ad,Print booster";"Y";"E,C,A,D,AD";"2014-12-02 00:00:00"
13049296;"Flashing,Online highlighted";"Y";"";""
13058992;"Top Ad,Print booster";"Y";"K,G,F";"2014-12-02 00:00:00"
13059880;"Top Ad";"Y";"";""
13057584;"Online highlighted,Print booster";"Y";"C,B,A";"2014-12-02 00:00:00"
13059015;"Flashing";"Y";"";""
12302701;"Top Ad";"N";"";""
13067042;"Flashing,Print booster";"Y";"E";"2014-12-02 00:00:00"
13064951;"Top Ad,Print booster";"Y";"G,F,K";"2014-12-02 00:00:00"
13056550;"Urgent,Top Ad";"Y";"";""
12995161;"Top Ad,Print booster";"Y";"K";"2014-12-02 00:00:00"
13043109;"Top Ad";"N";"";""
13018669;"Top Ad,Print booster";"Y";"A";"2014-12-09 00:00:00"
12947555;"Top Ad";"N";"";""
11878260;"Top Ad,Print booster";"Y";"G,A,F,B,K";"2014-12-02 00:00:00"
13060060;"Top Ad";"N";"";""
13065791;"Urgent";"Y";"";""
12874242;"Urgent,Print booster";"Y";"F,P,AD";"2014-12-09 00:00:00"
12895660;"Top Ad";"N";"";""
13064598;"Urgent,Top Ad";"Y";"";""
13058696;"Top Ad,Print booster";"Y";"C,A,E,D,B";"2014-12-23 00:00:00"
12804315;"Top Ad";"N";"";""
12536316;"Top Ad,Print booster";"Y";"G";"2014-12-02 00:00:00"
12876694;"Online highlighted";"Y";"";""
13030908;"Urgent,Top Ad,Print booster";"Y";"F,G,A";"2014-12-09 00:00:00"
13058430;"Flashing,Print booster";"Y";"E,C,A,D,AD";"2014-12-02 00:00:00"
13056541;"Top Ad";"Y";"";""
13060733;"Urgent,Top Ad";"Y";"";""
12564089;"Top Ad";"N";"";""
12422290;"Print booster,Print booster";"Y";"K,G,F";"2015-01-20 00:00:00"
13031015;"Top Ad,Online highlighted";"Y";"";""
12907335;"Top Ad,Online highlighted";"Y";"";""
12487465;"Print booster,Print booster";"Y";"E,D,A,C";"2014-12-02 00:00:00"
13069526;"Top Ad";"Y";"";""
13060670;"Top Ad";"Y";"";""
13021013;"Urgent";"N";"";""
13059583;"Urgent,Top Ad";"N";"";""
13062930;"Top Ad";"N";"";""
13068684;"Urgent,Print booster";"Y";"A,F,AD,C,D";"2014-12-09 00:00:00"
10311104;"Print booster";"Y";"G";"2014-12-02 00:00:00"
10403578;"Print booster";"Y";"G,A,F,B,K";"2014-12-02 00:00:00"
12891331;"Print booster";"Y";"E,D,A,C,AD";"2014-12-02 00:00:00"
12896889;"Print booster";"Y";"A,F,AD,C,D";"2014-12-02 00:00:00"
12922068;"Print booster";"Y";"D,A,E,AD,G";"2014-12-02 00:00:00"
12927242;"Print booster";"Y";"A,F,C";"2014-12-02 00:00:00"
12958857;"Print booster";"Y";"G,A,B,F,K";"2014-12-02 00:00:00"
12966096;"Print booster";"Y";"K";"2014-12-02 00:00:00"
12996736;"Print booster";"Y";"E,C,A";"2014-12-02 00:00:00"
12997737;"Print booster";"Y";"E";"2014-12-02 00:00:00"
12998683;"Print booster";"Y";"G";"2014-12-02 00:00:00"
13015857;"Print booster";"Y";"E";"2014-12-02 00:00:00"
13019557;"Print booster";"Y";"P";"2014-12-02 00:00:00"
13020079;"Print booster";"Y";"P,F,AD";"2014-12-02 00:00:00"
13024969;"Print booster";"Y";"G";"2014-12-02 00:00:00"
13025099;"Print booster";"Y";"F";"2014-12-02 00:00:00"
13025645;"Print booster";"Y";"E,C,A,D,AD";"2014-12-02 00:00:00"
13025972;"Print booster";"Y";"C,A,E";"2014-12-02 00:00:00"
13026123;"Print booster";"Y";"A,G,B,F,C";"2014-12-02 00:00:00"
13026609;"Print booster";"Y";"AD,F,A";"2014-12-02 00:00:00"
13026694;"Print booster";"Y";"AD,F,P,D,A";"2014-12-02 00:00:00"
13027848;"Print booster";"Y";"A,F,AD,G,C";"2014-12-02 00:00:00"
13028394;"Print booster";"Y";"E";"2014-12-02 00:00:00"
13028569;"Print booster";"Y";"F,K,G,P,A";"2014-12-02 00:00:00"
13032290;"Print booster";"Y";"K,F,G,P,A";"2014-12-09 00:00:00"
13033786;"Print booster";"Y";"E,C,A,D,B";"2014-12-02 00:00:00"
10290723;"Print booster";"Y";"E";"2014-12-09 00:00:00"
11943601;"Print booster";"Y";"C,B,E";"2014-12-09 00:00:00"
12205986;"Print booster";"Y";"A,D,AD";"2014-12-09 00:00:00"
12390268;"Print booster";"Y";"B,C,A";"2014-12-09 00:00:00"
12390304;"Print booster";"Y";"B,C,A";"2014-12-09 00:00:00"
12463601;"Print booster";"Y";"A";"2014-12-09 00:00:00"
12470967;"Print booster";"Y";"C,B,E,A,G";"2014-12-02 00:00:00"
12522966;"Print booster";"Y";"F,A,G";"2014-12-02 00:00:00"
12529418;"Print booster";"Y";"G,K,F,A,B";"2014-12-02 00:00:00"
12578170;"Print booster";"Y";"A,E,D";"2014-12-02 00:00:00"
12672669;"Print booster";"Y";"A,C,E";"2014-12-09 00:00:00"
12694045;"Print booster";"Y";"E,C,A,D,B";"2014-12-02 00:00:00"
12838980;"Print booster";"Y";"C";"2014-12-09 00:00:00"
12867401;"Print booster";"Y";"E";"2014-12-09 00:00:00"
12871993;"Print booster";"Y";"E,D,A,AD,G";"2014-12-02 00:00:00"
12925433;"Print booster";"Y";"TI,1U,AD,G,F";"2014-12-09 00:00:00"
12965025;"Print booster";"Y";"P";"2014-12-02 00:00:00"
12972449;"Print booster";"Y";"C,A,E,B,D";"2014-12-02 00:00:00"
12982185;"Print booster";"Y";"C";"2014-12-09 00:00:00"
12982270;"Print booster";"Y";"E,C,A";"2014-12-02 00:00:00"
12984523;"Print booster";"Y";"E,C,A";"2014-12-09 00:00:00"
12987141;"Print booster";"Y";"K";"2014-12-02 00:00:00"
13009401;"Print booster";"Y";"E,C,A,D,B";"2014-12-02 00:00:00"
13017959;"Print booster";"Y";"A";"2014-12-02 00:00:00"
13023790;"Print booster";"Y";"E,C,A,D,B";"2014-12-02 00:00:00"
13026993;"Print booster";"Y";"E,C,A,D,AD";"2014-12-09 00:00:00"
13027866;"Print booster";"Y";"F,A,G";"2014-12-09 00:00:00"
13028651;"Print booster";"Y";"AD,F,A";"2014-12-02 00:00:00"
13035564;"Print booster";"Y";"TI,1U,AD,G,F";"2014-12-09 00:00:00"
13035693;"Print booster";"Y";"D,A,E,C,AD";"2014-12-02 00:00:00"
13036341;"Print booster";"Y";"E";"2014-12-09 00:00:00"
13037499;"Print booster";"Y";"D,A,AD,E,F";"2014-12-02 00:00:00"
13038021;"Print booster";"Y";"K";"2014-12-02 00:00:00"
13039180;"Print booster";"Y";"E,D,A,C,AD";"2014-12-09 00:00:00"
13039720;"Print booster";"Y";"E";"2014-12-09 00:00:00"
13041061;"Print booster";"Y";"E,C,A,D,B";"2014-12-02 00:00:00"
13041430;"Print booster";"Y";"E";"2014-12-02 00:00:00"
13041550;"Print booster";"Y";"G,A,F,B,K";"2014-12-09 00:00:00"
13042071;"Print booster";"Y";"F,P,AD";"2014-12-02 00:00:00"
13042625;"Print booster";"Y";"B,C,A,G,E";"2014-12-02 00:00:00"
13042681;"Print booster";"Y";"D,A,E";"2014-12-02 00:00:00"
13042772;"Print booster";"Y";"C,B,A";"2014-12-02 00:00:00"
13042794;"Print booster";"Y";"G";"2014-12-09 00:00:00"
13042894;"Print booster";"Y";"A";"2014-12-02 00:00:00"
13042947;"Print booster";"Y";"G,K,F,A,B";"2014-12-02 00:00:00"
13042949;"Print booster";"Y";"G,K,F,A,B";"2014-12-02 00:00:00"
13042951;"Print booster";"Y";"G,K,F,A,B";"2014-12-02 00:00:00"
13043018;"Print booster";"Y";"F,A,G,K,B";"2014-12-02 00:00:00"
13043081;"Print booster";"Y";"C";"2014-12-02 00:00:00"
13043306;"Print booster";"Y";"B,C,A";"2014-12-02 00:00:00"
13043963;"Print booster";"Y";"G,K,F";"2014-12-02 00:00:00"
13044044;"Print booster";"Y";"G";"2014-12-02 00:00:00"
13044424;"Print booster";"Y";"B,C,A";"2014-12-02 00:00:00"
13044784;"Print booster";"Y";"F,G,K";"2014-12-02 00:00:00"
13044796;"Print booster";"Y";"G";"2014-12-02 00:00:00"
13045032;"Print booster";"Y";"G,B,A,F,C";"2014-12-02 00:00:00"
13045783;"Print booster";"Y";"C,E,B";"2014-12-02 00:00:00"
13045973;"Print booster";"Y";"K";"2014-12-02 00:00:00"
13045982;"Print booster";"Y";"C";"2014-12-02 00:00:00"
13046324;"Print booster";"Y";"K";"2014-12-02 00:00:00"
13047023;"Print booster";"Y";"TI";"2014-12-02 00:00:00"
13047292;"Print booster";"Y";"K,G,F";"2014-12-02 00:00:00"
13047396;"Print booster";"Y";"F,AD,P";"2014-12-02 00:00:00"
13047631;"Print booster";"Y";"G,K,F";"2014-12-02 00:00:00"
13047660;"Print booster";"Y";"A,C,D,AD,E";"2014-12-02 00:00:00"
13047662;"Print booster";"Y";"D,A,E,C,AD";"2014-12-02 00:00:00"
13047682;"Print booster";"Y";"E,D,A";"2014-12-02 00:00:00"
13053974;"Print booster";"Y";"E,C,A,D,AD";"2014-12-02 00:00:00"
10302032;"Print booster";"Y";"K";"2014-12-16 00:00:00"
11242811;"Print booster";"Y";"E";"2014-12-09 00:00:00"
11841381;"Print booster";"Y";"AD,D,P,F,A";"2014-12-09 00:00:00"
12105070;"Print booster";"Y";"A,F,AD,C,D";"2014-12-02 00:00:00"
12738823;"Print booster";"Y";"TI";"2014-12-02 00:00:00"
12754369;"Print booster";"Y";"A,F,G,B,C";"2014-12-02 00:00:00"
12766314;"Print booster";"Y";"C,E,A,B,D";"2014-12-02 00:00:00"
12777968;"Print booster";"Y";"K,G,F,A,B";"2014-12-09 00:00:00"
12813635;"Print booster";"Y";"G,A,F";"2014-12-02 00:00:00"
12831209;"Print booster";"Y";"K,G,F,A,B";"2014-12-09 00:00:00"
12868318;"Print booster";"Y";"C";"2014-12-02 00:00:00"
12888145;"Print booster";"Y";"F,A,G,K,AD";"2014-12-02 00:00:00"
12892183;"Print booster";"Y";"A,D,E,AD,C";"2014-12-02 00:00:00"
12927600;"Print booster";"Y";"F,K,P,G,AD";"2014-12-09 00:00:00"
12943076;"Print booster";"Y";"B";"2014-12-09 00:00:00"
12952761;"Print booster";"Y";"C,B,E";"2014-12-09 00:00:00"
12960212;"Print booster";"Y";"A,B,G";"2014-12-09 00:00:00"
12990230;"Print booster";"Y";"E,C,A,D,AD";"2014-12-16 00:00:00"
12994424;"Print booster";"Y";"G";"2014-12-09 00:00:00"
12994686;"Print booster";"Y";"A,C,E,AD,D";"2014-12-02 00:00:00"
12995384;"Print booster";"Y";"F,P,K";"2014-12-09 00:00:00"
12996889;"Print booster";"Y";"K";"2014-12-02 00:00:00"
12998224;"Print booster";"Y";"K";"2014-12-02 00:00:00"
12998901;"Print booster";"Y";"A";"2014-12-02 00:00:00"
13002330;"Print booster";"Y";"D,E,A,C,AD";"2014-12-02 00:00:00"
13003737;"Print booster";"Y";"A,D,E,AD,C";"2014-12-02 00:00:00"
13004047;"Print booster";"Y";"F,P,AD,G,A";"2014-12-02 00:00:00"
13004605;"Print booster";"Y";"TI";"2014-12-02 00:00:00"
13015685;"Print booster";"Y";"K,G,F,A,B";"2014-12-02 00:00:00"
13018731;"Print booster";"Y";"B,C,A,G,F";"2014-12-09 00:00:00"
13021007;"Print booster";"Y";"F";"2014-12-02 00:00:00"
13021371;"Print booster";"Y";"E";"2014-12-09 00:00:00"
13027058;"Print booster";"Y";"C,B,E,A,G";"2014-12-02 00:00:00"
13027651;"Print booster";"Y";"E,C,A";"2014-12-09 00:00:00"
13028941;"Print booster";"Y";"G";"2014-12-02 00:00:00"
13031207;"Print booster";"Y";"E,C,A";"2014-12-02 00:00:00"
13032076;"Print booster";"Y";"D,A,E,AD,G";"2014-12-16 00:00:00"
13032737;"Print booster";"Y";"E,C,A,D,AD";"2014-12-02 00:00:00"
13039153;"Print booster";"Y";"K,F,AD,G,1U";"2014-12-02 00:00:00"
13039217;"Print booster";"Y";"E";"2014-12-09 00:00:00"
13039238;"Print booster";"Y";"C";"2014-12-02 00:00:00"
13039353;"Print booster";"Y";"K,G,F";"2014-12-02 00:00:00"
13041006;"Print booster";"Y";"G,A,F";"2014-12-02 00:00:00"
13041092;"Print booster";"Y";"E";"2014-12-02 00:00:00"
13041123;"Print booster";"Y";"A,D,AD,F,E";"2014-12-09 00:00:00"
13041425;"Print booster";"Y";"E,C,A,D,AD";"2014-12-02 00:00:00"
13043416;"Print booster";"Y";"F,A,G";"2014-12-02 00:00:00"
13047658;"Print booster";"Y";"E";"2014-12-09 00:00:00"
13048182;"Print booster";"Y";"C";"2014-12-02 00:00:00"
13048462;"Print booster";"Y";"G,F,A,K,B";"2014-12-02 00:00:00"
13048466;"Print booster";"Y";"F";"2014-12-02 00:00:00"
13048956;"Print booster";"Y";"E,D,A,C,AD";"2014-12-16 00:00:00"
13049016;"Print booster";"Y";"F,P,AD,G,A";"2014-12-16 00:00:00"
13049053;"Print booster";"Y";"K";"2014-12-02 00:00:00"
13049567;"Print booster";"Y";"E,C,A";"2014-12-02 00:00:00"
13050313;"Print booster";"Y";"A,F,G,AD,C";"2014-12-02 00:00:00"
13050506;"Print booster";"Y";"AD,D,A";"2014-12-16 00:00:00"
13050861;"Print booster";"Y";"E";"2014-12-02 00:00:00"
13051267;"Print booster";"Y";"P,F,AD";"2014-12-16 00:00:00"
13051418;"Print booster";"Y";"A,F,C,AD,D";"2014-12-02 00:00:00"
13051830;"Print booster";"Y";"K,F,G";"2014-12-02 00:00:00"
13051931;"Print booster";"Y";"A,D,AD";"2014-12-16 00:00:00"
13051996;"Print booster";"Y";"E,C,A";"2014-12-02 00:00:00"
13052307;"Print booster";"Y";"G";"2014-12-02 00:00:00"
13052461;"Print booster";"Y";"C,B,E";"2014-12-02 00:00:00"
13052463;"Print booster";"Y";"E,C,A";"2014-12-09 00:00:00"
13052592;"Print booster";"Y";"K,G,F";"2014-12-02 00:00:00"
13052665;"Print booster";"Y";"C";"2014-12-02 00:00:00"
13053112;"Print booster";"Y";"A";"2014-12-02 00:00:00"
13053550;"Print booster";"Y";"F,P,AD,G,A";"2014-12-16 00:00:00"
13053605;"Print booster";"Y";"K";"2014-12-16 00:00:00"
13053963;"Print booster";"Y";"F,K,P,G,AD";"2014-12-02 00:00:00"
13053983;"Print booster";"Y";"G,F,K";"2014-12-02 00:00:00"
13054017;"Print booster";"Y";"F,K,P,G,AD";"2014-12-02 00:00:00"
13054043;"Print booster";"Y";"B,C,A,G,F";"2014-12-09 00:00:00"
13054226;"Print booster";"Y";"D,A,AD,P,F";"2014-12-02 00:00:00"
13054322;"Print booster";"Y";"G,K,F";"2014-12-02 00:00:00"
13054398;"Print booster";"Y";"B,A,C,G,F";"2014-12-16 00:00:00"
13054467;"Print booster";"Y";"F,A,AD";"2014-12-02 00:00:00"
13054613;"Print booster";"Y";"TI,1U,AD";"2014-12-02 00:00:00"
13054949;"Print booster";"Y";"A,D,E,AD,C";"2014-12-02 00:00:00"
13055007;"Print booster";"Y";"AD";"2014-12-02 00:00:00"
13055113;"Print booster";"Y";"E,A,C";"2014-12-16 00:00:00"
13055114;"Print booster";"Y";"A";"2014-12-02 00:00:00"
13055227;"Print booster";"Y";"K,F,G";"2014-12-02 00:00:00"
13055253;"Print booster";"Y";"C,B,E";"2014-12-16 00:00:00"
13055379;"Print booster";"Y";"C,B,E";"2014-12-16 00:00:00"
13055543;"Print booster";"Y";"F,AD,P";"2014-12-02 00:00:00"
13055566;"Print booster";"Y";"F,A,AD,G,K";"2014-12-02 00:00:00"
13055584;"Print booster";"Y";"E,C,A,D,AD";"2014-12-02 00:00:00"
13055685;"Print booster";"Y";"B,A,C";"2014-12-02 00:00:00"
13055715;"Print booster";"Y";"C,B,E,A,G";"2014-12-02 00:00:00"
13055841;"Print booster";"Y";"C,B,E";"2014-12-02 00:00:00"
13055860;"Print booster";"Y";"AD,D,F";"2014-12-02 00:00:00"
13055874;"Print booster";"Y";"A,F,AD,D,C";"2014-12-02 00:00:00"
13055907;"Print booster";"Y";"E";"2014-12-02 00:00:00"
13056031;"Print booster";"Y";"F";"2014-12-02 00:00:00"
13056139;"Print booster";"Y";"AD";"2014-12-02 00:00:00"
13056151;"Print booster";"Y";"K,G,F";"2014-12-09 00:00:00"
13056496;"Print booster";"Y";"G,A,F,B,K";"2014-12-02 00:00:00"
13056595;"Print booster";"Y";"C";"2014-12-09 00:00:00"
13056718;"Print booster";"Y";"C";"2014-12-02 00:00:00"
13056870;"Print booster";"Y";"P,F,AD";"2014-12-02 00:00:00"
13056954;"Print booster";"Y";"K";"2014-12-02 00:00:00"
13057201;"Print booster";"Y";"P,F,AD,D,G";"2014-12-02 00:00:00"
13057392;"Print booster";"Y";"B,A,G,C,F";"2014-12-02 00:00:00"
13057393;"Print booster";"Y";"B,A,G,C,F";"2014-12-02 00:00:00"
13057859;"Print booster";"Y";"A,F,G";"2014-12-02 00:00:00"
13057926;"Print booster";"Y";"D";"2014-12-09 00:00:00"
13057937;"Print booster";"Y";"E";"2014-12-09 00:00:00"
13058514;"Print booster";"Y";"AD,F,P";"2014-12-02 00:00:00"
13058515;"Print booster";"Y";"AD,F,P";"2014-12-02 00:00:00"
13058593;"Print booster";"Y";"E,C,A";"2014-12-02 00:00:00"
13058697;"Print booster";"Y";"C";"2014-12-02 00:00:00"
13059049;"Print booster";"Y";"C";"2014-12-02 00:00:00"
13059121;"Print booster";"Y";"F,P,G";"2014-12-02 00:00:00"
13059195;"Print booster";"Y";"A,C,F,AD,D";"2014-12-02 00:00:00"
13059428;"Print booster";"Y";"G";"2014-12-09 00:00:00"
13059457;"Print booster";"Y";"G";"2014-12-02 00:00:00"
13060102;"Print booster";"Y";"G";"2014-12-02 00:00:00"
13060122;"Print booster";"Y";"K";"2014-12-02 00:00:00"
13060437;"Print booster";"Y";"C";"2014-12-02 00:00:00"
10217547;"Print booster";"Y";"D";"2014-12-02 00:00:00"
10456019;"Print booster";"Y";"C,B,A,E,G";"2014-12-02 00:00:00"
10755861;"Print booster";"Y";"A";"2014-12-02 00:00:00"
10821723;"Print booster";"Y";"E";"2014-12-02 00:00:00"
11073363;"Print booster";"Y";"G";"2014-12-02 00:00:00"
11174236;"Print booster";"Y";"C";"2014-12-23 00:00:00"
11248269;"Print booster";"Y";"G,A,F,B,K";"2014-12-02 00:00:00"
11657724;"Print booster";"Y";"F,K,G,P,A";"2014-12-02 00:00:00"
11750908;"Print booster";"Y";"E";"2014-12-02 00:00:00"
11771190;"Print booster";"Y";"G,A,B,F,K";"2014-12-02 00:00:00"
11805962;"Print booster";"Y";"C";"2014-12-16 00:00:00"
12089704;"Print booster";"Y";"G,K,F,A,B";"2014-12-02 00:00:00"
12140862;"Print booster";"Y";"C,B,E,A,G";"2014-12-09 00:00:00"
12280745;"Print booster";"Y";"D,A,AD,P,F";"2014-12-02 00:00:00"
12296129;"Print booster";"Y";"D";"2014-12-02 00:00:00"
12364958;"Print booster";"Y";"C,E,A";"2014-12-16 00:00:00"
12612412;"Print booster";"Y";"E,C,A";"2014-12-23 00:00:00"
12719181;"Print booster";"Y";"A,D,AD,F,E";"2014-12-23 00:00:00"
12734946;"Print booster";"Y";"G";"2014-12-09 00:00:00"
12809638;"Print booster";"Y";"K";"2014-12-23 00:00:00"
12843553;"Print booster";"Y";"K,F,G";"2014-12-09 00:00:00"
12846847;"Print booster";"Y";"G,K,F,A,B";"2014-12-02 00:00:00"
12851966;"Print booster";"Y";"C";"2014-12-02 00:00:00"
12877781;"Print booster";"Y";"C";"2014-12-09 00:00:00"
12880258;"Print booster";"Y";"C,B,E,A,G";"2014-12-02 00:00:00"
12903939;"Print booster";"Y";"A";"2014-12-02 00:00:00"
12923015;"Print booster";"Y";"E,C,A,D,AD";"2014-12-16 00:00:00"
12924395;"Print booster";"Y";"D,A,E,C,AD";"2014-12-02 00:00:00"
12928099;"Print booster";"Y";"TI,1U,AD,G,F";"2014-12-02 00:00:00"
12943979;"Print booster";"Y";"A,D,E";"2014-12-16 00:00:00"
12946523;"Print booster";"Y";"G";"2014-12-16 00:00:00"
12956616;"Print booster";"Y";"C";"2014-12-09 00:00:00"
12957940;"Print booster";"Y";"C,E,B";"2014-12-09 00:00:00"
12958994;"Print booster";"Y";"P,F,AD,D,G";"2014-12-16 00:00:00"
12963541;"Print booster";"Y";"G,K,F,A,B";"2014-12-16 00:00:00"
12964247;"Print booster";"Y";"C,A,E";"2014-12-02 00:00:00"
12964269;"Print booster";"Y";"C";"2014-12-02 00:00:00"
12968111;"Print booster";"Y";"F,P,G";"2014-12-02 00:00:00"
12969556;"Print booster";"Y";"A,C,E";"2014-12-02 00:00:00"
12977292;"Print booster";"Y";"K";"2014-12-02 00:00:00"
12983779;"Print booster";"Y";"E,C,A";"2014-12-16 00:00:00"
12991017;"Print booster";"Y";"C,E,A,B,D";"2014-12-02 00:00:00"
12992697;"Print booster";"Y";"K,G,F,A,B";"2014-12-02 00:00:00"
12997677;"Print booster";"Y";"C,E,A,B,D";"2014-12-09 00:00:00"
12999575;"Print booster";"Y";"E,C,A,D,AD";"2014-12-09 00:00:00"
13000554;"Print booster";"Y";"D,A,E";"2014-12-09 00:00:00"
13000923;"Print booster";"Y";"P,F,K";"2014-12-02 00:00:00"
13001939;"Print booster";"Y";"K,F,G,P,AD";"2014-12-02 00:00:00"
13004943;"Print booster";"Y";"A,F,G,AD,K";"2014-12-02 00:00:00"
13005252;"Print booster";"Y";"A,AD,D";"2014-12-16 00:00:00"
13005477;"Print booster";"Y";"K";"2014-12-02 00:00:00"
13005624;"Print booster";"Y";"K,G,F,A,B";"2014-12-23 00:00:00"
13007649;"Print booster";"Y";"D";"2014-12-02 00:00:00"
13009446;"Print booster";"Y";"C";"2014-12-09 00:00:00"
13010067;"Print booster";"Y";"C,E,B,A,G";"2014-12-23 00:00:00"
13013161;"Print booster";"Y";"B,A,G,C,F";"2014-12-02 00:00:00"
13017248;"Print booster";"Y";"G";"2014-12-09 00:00:00"
13020051;"Print booster";"Y";"F,A,G,AD,K";"2014-12-16 00:00:00"
13021959;"Print booster";"Y";"F,A,AD,G,K";"2014-12-02 00:00:00"
13022447;"Print booster";"Y";"E,C,A";"2014-12-02 00:00:00"
13023000;"Print booster";"Y";"AD,F,A,P,D";"2014-12-02 00:00:00"
13024690;"Print booster";"Y";"P,F,AD,D,G";"2014-12-09 00:00:00"
13027135;"Print booster";"Y";"A";"2014-12-02 00:00:00"
13027224;"Print booster";"Y";"AD";"2014-12-09 00:00:00"
13027671;"Print booster";"Y";"E,D,A,C,AD";"2014-12-09 00:00:00"
13027774;"Print booster";"Y";"AD,F,A,P,D";"2014-12-09 00:00:00"
13028068;"Print booster";"Y";"G,A,B";"2014-12-02 00:00:00"
13028424;"Print booster";"Y";"C";"2014-12-23 00:00:00"
13029271;"Print booster";"Y";"C,E,B,A,G";"2014-12-09 00:00:00"
13029485;"Print booster";"Y";"G";"2014-12-02 00:00:00"
13029713;"Print booster";"Y";"C";"2014-12-23 00:00:00"
13031247;"Print booster";"Y";"G,A,F,B,K";"2014-12-02 00:00:00"
13033459;"Print booster";"Y";"E,C,A,D,B";"2014-12-02 00:00:00"
13033537;"Print booster";"Y";"K,G,F,A,B";"2014-12-16 00:00:00"
13033790;"Print booster";"Y";"C,B,E,A,G";"2014-12-02 00:00:00"
13036035;"Print booster";"Y";"C";"2014-12-09 00:00:00"
13036217;"Print booster";"Y";"A";"2014-12-02 00:00:00"
13037567;"Print booster";"Y";"K";"2014-12-09 00:00:00"
13038471;"Print booster";"Y";"K";"2014-12-09 00:00:00"
13038528;"Print booster";"Y";"E,A,C";"2014-12-02 00:00:00"
13038581;"Print booster";"Y";"G,A,F";"2014-12-02 00:00:00"
13038724;"Print booster";"Y";"E,C,A,D,AD";"2014-12-02 00:00:00"
13039029;"Print booster";"Y";"D,A,E";"2014-12-02 00:00:00"
13039298;"Print booster";"Y";"C";"2014-12-09 00:00:00"
13040426;"Print booster";"Y";"G";"2014-12-02 00:00:00"
13040871;"Print booster";"Y";"G";"2014-12-02 00:00:00"
13041077;"Print booster";"Y";"C";"2014-12-09 00:00:00"
13041795;"Print booster";"Y";"A";"2014-12-16 00:00:00"
13041973;"Print booster";"Y";"E";"2014-12-02 00:00:00"
13042918;"Print booster";"Y";"G";"2014-12-02 00:00:00"
13043001;"Print booster";"Y";"A,C,E,D,AD";"2014-12-02 00:00:00"
13043307;"Print booster";"Y";"F,P,AD,G,K";"2014-12-09 00:00:00"
13045241;"Print booster";"Y";"TI";"2014-12-02 00:00:00"
13045260;"Print booster";"Y";"G,A,F,B,K";"2014-12-02 00:00:00"
13045655;"Print booster";"Y";"F,AD,A,G,K";"2014-12-02 00:00:00"
13046509;"Print booster";"Y";"F";"2014-12-02 00:00:00"
13046672;"Print booster";"Y";"F,A,G,AD,K";"2014-12-02 00:00:00"
13048110;"Print booster";"Y";"E";"2014-12-23 00:00:00"
13048943;"Print booster";"Y";"G";"2014-12-02 00:00:00"
13049636;"Print booster";"Y";"A";"2014-12-09 00:00:00"
13050028;"Print booster";"Y";"K";"2014-12-09 00:00:00"
13050508;"Print booster";"Y";"A,C,E";"2014-12-09 00:00:00"
13051795;"Print booster";"Y";"C";"2014-12-02 00:00:00"
13052579;"Print booster";"Y";"E";"2014-12-09 00:00:00"
13052933;"Print booster";"Y";"K,G,F,A,B";"2014-12-16 00:00:00"
13053634;"Print booster";"Y";"E";"2014-12-02 00:00:00"
13055403;"Print booster";"Y";"F,AD,P,A,G";"2014-12-09 00:00:00"
13055483;"Print booster";"Y";"C";"2014-12-02 00:00:00"
13055597;"Print booster";"Y";"AD";"2014-12-09 00:00:00"
13055842;"Print booster";"Y";"K";"2014-12-02 00:00:00"
13056356;"Print booster";"Y";"K";"2014-12-02 00:00:00"
13056460;"Print booster";"Y";"K,G,F";"2014-12-02 00:00:00"
13058790;"Print booster";"Y";"C";"2014-12-02 00:00:00"
13059320;"Print booster";"Y";"K";"2014-12-09 00:00:00"
13059573;"Print booster";"Y";"C";"2014-12-02 00:00:00"
13060042;"Print booster";"Y";"F,AD,A";"2014-12-02 00:00:00"
13060100;"Print booster";"Y";"A,D,AD";"2014-12-02 00:00:00"
13060166;"Print booster";"Y";"E";"2014-12-02 00:00:00"
13060338;"Print booster";"Y";"C,B,A,E,G";"2014-12-02 00:00:00"
13060658;"Print booster";"Y";"K";"2014-12-02 00:00:00"
13060674;"Print booster";"Y";"E";"2014-12-09 00:00:00"
13060693;"Print booster";"Y";"G";"2014-12-02 00:00:00"
13060924;"Print booster";"Y";"P";"2014-12-02 00:00:00"
13060941;"Print booster";"Y";"P";"2014-12-09 00:00:00"
13061503;"Print booster";"Y";"A";"2014-12-02 00:00:00"
13061618;"Print booster";"Y";"A,F,AD,C,D";"2014-12-02 00:00:00"
13061977;"Print booster";"Y";"K,G,F";"2014-12-02 00:00:00"
13061989;"Print booster";"Y";"F,A,G";"2014-12-09 00:00:00"
13062133;"Print booster";"Y";"G";"2014-12-02 00:00:00"
13062220;"Print booster";"Y";"E";"2014-12-09 00:00:00"
13062258;"Print booster";"Y";"E";"2014-12-09 00:00:00"
13062288;"Print booster";"Y";"A,D,AD";"2014-12-02 00:00:00"
13062549;"Print booster";"Y";"E,D,A";"2014-12-09 00:00:00"
13062778;"Print booster";"Y";"P,F,AD";"2014-12-02 00:00:00"
13062941;"Print booster";"Y";"C,A,E";"2014-12-02 00:00:00"
13063274;"Print booster";"Y";"B,A,G,C,F";"2014-12-02 00:00:00"
13063301;"Print booster";"Y";"D,P,AD";"2014-12-02 00:00:00"
13063364;"Print booster";"Y";"F";"2014-12-16 00:00:00"
13063500;"Print booster";"Y";"E";"2014-12-02 00:00:00"
13063573;"Print booster";"Y";"G";"2014-12-02 00:00:00"
13063857;"Print booster";"Y";"P";"2014-12-02 00:00:00"
13064001;"Print booster";"Y";"K";"2014-12-02 00:00:00"
13064088;"Print booster";"Y";"K";"2014-12-02 00:00:00"
13064096;"Print booster";"Y";"K";"2014-12-02 00:00:00"
13064098;"Print booster";"Y";"C,E,B";"2014-12-02 00:00:00"
13064699;"Print booster";"Y";"B,C,A,G,E";"2014-12-02 00:00:00"
13064703;"Print booster";"Y";"E";"2014-12-02 00:00:00"
13064771;"Print booster";"Y";"E";"2014-12-02 00:00:00"
13064893;"Print booster";"Y";"F";"2014-12-02 00:00:00"
13064976;"Print booster";"Y";"K,F,G,P,AD";"2014-12-02 00:00:00"
13064988;"Print booster";"Y";"E,C,A";"2014-12-02 00:00:00"
13065124;"Print booster";"Y";"C";"2014-12-09 00:00:00"
13065367;"Print booster";"Y";"A,C,E";"2014-12-02 00:00:00"
13065467;"Print booster";"Y";"A";"2014-12-23 00:00:00"
13065548;"Print booster";"Y";"E";"2014-12-02 00:00:00"
13065609;"Print booster";"Y";"K,F,G";"2014-12-02 00:00:00"
13065694;"Print booster";"Y";"E";"2014-12-02 00:00:00"
13065696;"Print booster";"Y";"G,A,F,B,K";"2014-12-02 00:00:00"
13065797;"Print booster";"Y";"C,E,B,A,G";"2014-12-02 00:00:00"
13065819;"Print booster";"Y";"E";"2014-12-02 00:00:00"
13065878;"Print booster";"Y";"A";"2014-12-02 00:00:00"
13065930;"Print booster";"Y";"G";"2014-12-02 00:00:00"
13065962;"Print booster";"Y";"A";"2014-12-09 00:00:00"
13066012;"Print booster";"Y";"C";"2014-12-09 00:00:00"
13066154;"Print booster";"Y";"F,K,P";"2014-12-02 00:00:00"
13066230;"Print booster";"Y";"C,B,E,A,G";"2014-12-02 00:00:00"
13066301;"Print booster";"Y";"G";"2014-12-02 00:00:00"
13066607;"Print booster";"Y";"K,F,P,G,AD";"2014-12-23 00:00:00"
13066608;"Print booster";"Y";"C,A,E,B,D";"2014-12-23 00:00:00"
13066788;"Print booster";"Y";"K";"2014-12-02 00:00:00"
13066803;"Print booster";"Y";"G";"2014-12-02 00:00:00"
13066911;"Print booster";"Y";"A,C,B,F,G";"2014-12-02 00:00:00"
13066980;"Print booster";"Y";"E";"2014-12-02 00:00:00"
13066982;"Print booster";"Y";"K";"2014-12-02 00:00:00"
13066983;"Print booster";"Y";"G";"2014-12-02 00:00:00"
13067140;"Print booster";"Y";"D,A,AD,P,F";"2014-12-02 00:00:00"
13067162;"Print booster";"Y";"C";"2014-12-09 00:00:00"
13067317;"Print booster";"Y";"P,F,AD,D,G";"2014-12-23 00:00:00"
13067602;"Print booster";"Y";"A,F,G,AD,K";"2014-12-02 00:00:00"
13067662;"Print booster";"Y";"F";"2014-12-02 00:00:00"
13067680;"Print booster";"Y";"C";"2014-12-02 00:00:00"
13067707;"Print booster";"Y";"G,A,B,F,K";"2014-12-02 00:00:00"
13067785;"Print booster";"Y";"E";"2014-12-02 00:00:00"
13067875;"Print booster";"Y";"C,A,E";"2014-12-02 00:00:00"
13067896;"Print booster";"Y";"A,F,G,AD,K";"2014-12-02 00:00:00"
13067897;"Print booster";"Y";"A,F,G,AD,K";"2014-12-02 00:00:00"
13067909;"Print booster";"Y";"E,C,A";"2014-12-02 00:00:00"
13067949;"Print booster";"Y";"G";"2014-12-02 00:00:00"
13067950;"Print booster";"Y";"A,F,G,AD,K";"2014-12-02 00:00:00"
13068418;"Print booster";"Y";"AD,F,A,P,D";"2014-12-09 00:00:00"
13068664;"Print booster";"Y";"K";"2014-12-16 00:00:00"
13068873;"Print booster";"Y";"P";"2014-12-09 00:00:00"
13068874;"Print booster";"Y";"P";"2014-12-09 00:00:00"
13069150;"Print booster";"Y";"G,K,F";"2014-12-09 00:00:00"
13069258;"Print booster";"Y";"G";"2014-12-09 00:00:00"
13069262;"Print booster";"Y";"G";"2014-12-09 00:00:00"
13069421;"Print booster";"Y";"G,A,F";"2014-12-09 00:00:00"
13069426;"Print booster";"Y";"G,F,A,K,B";"2014-12-23 00:00:00"
13069476;"Print booster";"Y";"G";"2014-12-09 00:00:00"
13069602;"Print booster";"Y";"F,P,K,G,AD";"2014-12-09 00:00:00"
13069647;"Print booster";"Y";"C,E,B,A,G";"2014-12-09 00:00:00"
13069659;"Print booster";"Y";"F";"2014-12-09 00:00:00"
13069665;"Print booster";"Y";"F";"2014-12-09 00:00:00"
13069742;"Print booster";"Y";"C";"2014-12-09 00:00:00"
10622918;"Print booster";"Y";"C";"2014-12-02 00:00:00"
11478064;"Print booster";"Y";"A,C,B,F,G";"2014-12-02 00:00:00"
12428302;"Print booster";"Y";"E";"2014-12-02 00:00:00"
12489740;"Print booster";"Y";"P,F,AD";"2014-12-02 00:00:00"
12849317;"Print booster";"Y";"C";"2014-12-02 00:00:00"
12904763;"Print booster";"Y";"E";"2014-12-02 00:00:00"
12915619;"Print booster";"Y";"C,B,E,A,G";"2014-12-02 00:00:00"
12943170;"Print booster";"Y";"E";"2014-12-02 00:00:00"
12970405;"Print booster";"Y";"C,E,A,D,B";"2014-12-02 00:00:00"
12974265;"Print booster";"Y";"C";"2014-12-02 00:00:00"
12975171;"Print booster";"Y";"F,G,P";"2014-12-02 00:00:00"
12976521;"Print booster";"Y";"K,G,F";"2014-12-02 00:00:00"
12987794;"Print booster";"Y";"C,E,A";"2014-12-02 00:00:00"
13002277;"Print booster";"Y";"G,A,F,B,K";"2014-12-02 00:00:00"
13017625;"Print booster";"Y";"D";"2014-12-02 00:00:00"
13018147;"Print booster";"Y";"AD,F,P,A,D";"2014-12-02 00:00:00"
13018575;"Print booster";"Y";"A,C,E,D,AD";"2014-12-02 00:00:00"
13020080;"Print booster";"Y";"P,F,AD";"2014-12-02 00:00:00"
13020502;"Print booster";"Y";"F,P,AD";"2014-12-02 00:00:00"
13020746;"Print booster";"Y";"E,D,A";"2014-12-02 00:00:00"
12823991;"Print booster";"Y";"G,F,K,A";"2014-12-03 00:00:00"
12263951;"Print booster";"Y";"C,E,B";"2014-12-09 00:00:00"
12456244;"Print booster";"Y";"D,A,E,AD,C";"2014-12-02 00:00:00"
12491742;"Print booster";"Y";"G,K,F,A,B";"2014-12-02 00:00:00"
12868515;"Print booster";"Y";"C,E,A";"2014-12-02 00:00:00"
12871789;"Print booster";"Y";"P";"2014-12-02 00:00:00"
13029222;"Print booster";"Y";"E";"2014-12-02 00:00:00"
13042005;"Print booster";"Y";"G,K,F,A,B";"2014-12-09 00:00:00"
10223066;"Print booster";"Y";"P,F,AD";"2014-12-09 00:00:00"
10266909;"Print booster";"Y";"D,A,E,C,AD";"2014-12-09 00:00:00"
10276655;"Print booster";"Y";"E,C,A";"2014-12-09 00:00:00"
10961113;"Print booster";"Y";"AD,F,P";"2014-12-09 00:00:00"
11667023;"Print booster";"Y";"B,C,A,G,F";"2014-12-02 00:00:00"
11841390;"Print booster";"Y";"K";"2014-12-02 00:00:00"
12034146;"Print booster";"Y";"C";"2014-12-09 00:00:00"
12086243;"Print booster";"Y";"C,E,A,B,D";"2014-12-09 00:00:00"
12427042;"Print booster";"Y";"E";"2014-12-02 00:00:00"
12468665;"Print booster";"Y";"A,C,B,E,F";"2014-12-02 00:00:00"
12513996;"Print booster";"Y";"P,F,AD";"2014-12-09 00:00:00"
12886165;"Print booster";"Y";"K,G,F,A,B";"2014-12-09 00:00:00"
12933306;"Print booster";"Y";"E";"2014-12-09 00:00:00"
12942960;"Print booster";"Y";"A,F,C,AD,D";"2014-12-09 00:00:00"
12969469;"Print booster";"Y";"F,P,AD";"2014-12-09 00:00:00"
12970255;"Print booster";"Y";"D,A,E,AD,G";"2014-12-02 00:00:00"
12973524;"Print booster";"Y";"F,P,AD,A,G";"2014-12-09 00:00:00"
12978959;"Print booster";"Y";"AD,F,P,D,A";"2014-12-09 00:00:00"
12979453;"Print booster";"Y";"K,G,F";"2014-12-09 00:00:00"
12982708;"Print booster";"Y";"C";"2014-12-09 00:00:00"
12983024;"Print booster";"Y";"A,C,F,B,G";"2014-12-09 00:00:00"
12985303;"Print booster";"Y";"G";"2014-12-09 00:00:00"
13006041;"Print booster";"Y";"K,G,F";"2014-12-09 00:00:00"
13017037;"Print booster";"Y";"D";"2014-12-09 00:00:00"
13019966;"Print booster";"Y";"K";"2014-12-02 00:00:00"
13030097;"Print booster";"Y";"E";"2014-12-09 00:00:00"
13030208;"Print booster";"Y";"E,D,A,C,AD";"2014-12-09 00:00:00"
13030331;"Print booster";"Y";"D,A,E";"2014-12-09 00:00:00"
13030995;"Print booster";"Y";"A,C,B";"2014-12-09 00:00:00"
13031146;"Print booster";"Y";"K,G,F,A,B";"2014-12-09 00:00:00"
13031178;"Print booster";"Y";"AD,F,A,P,D";"2014-12-09 00:00:00"
13031211;"Print booster";"Y";"A";"2014-12-09 00:00:00"
13032183;"Print booster";"Y";"F,G,K,A,AD";"2014-12-09 00:00:00"
13032507;"Print booster";"Y";"B";"2014-12-09 00:00:00"
13032742;"Print booster";"Y";"F,G,K";"2014-12-09 00:00:00"
13032819;"Print booster";"Y";"G";"2014-12-09 00:00:00"
13033289;"Print booster";"Y";"D";"2014-12-09 00:00:00"
13033414;"Print booster";"Y";"C";"2014-12-09 00:00:00"
10679454;"Print booster";"Y";"C";"2014-12-10 00:00:00"
12833082;"Print booster";"Y";"G,A,B,F";"2014-12-10 00:00:00"
10387880;"Print booster";"Y";"C";"2014-12-16 00:00:00"
10972162;"Print booster";"Y";"P,F,AD,G,K";"2014-12-16 00:00:00"
12291216;"Print booster";"Y";"P";"2014-12-16 00:00:00"
12329016;"Print booster";"Y";"B";"2014-12-16 00:00:00"
12768962;"Print booster";"Y";"G";"2014-12-09 00:00:00"
12917688;"Print booster";"Y";"C,B,E,A,G";"2014-12-09 00:00:00"
12958670;"Print booster";"Y";"G";"2014-12-16 00:00:00"
12973754;"Print booster";"Y";"F,P,AD";"2014-12-16 00:00:00"
12983181;"Print booster";"Y";"K,G,F,A,B";"2014-12-16 00:00:00"
12988788;"Print booster";"Y";"A,C,B";"2014-12-09 00:00:00"
12989044;"Print booster";"Y";"F,A,G";"2014-12-16 00:00:00"
12997295;"Print booster";"Y";"G";"2014-12-16 00:00:00"
13022205;"Print booster";"Y";"K,G,F,A,B";"2014-12-16 00:00:00"
13026131;"Print booster";"Y";"A,D,AD,E,C";"2014-12-16 00:00:00"
13026485;"Print booster";"Y";"G,K,F,A,B";"2014-12-16 00:00:00"
13028960;"Print booster";"Y";"F";"2014-12-16 00:00:00"
13041744;"Print booster";"Y";"E,C,A";"2014-12-16 00:00:00"
13043246;"Print booster";"Y";"F,P,G,K,AD";"2014-12-16 00:00:00"
13045956;"Print booster";"Y";"C,B,E";"2014-12-16 00:00:00"
13046464;"Print booster";"Y";"B,A,G,C,F";"2014-12-16 00:00:00"
13027579;"Print booster";"Y";"A";"2014-12-16 00:00:00"
12277611;"Print booster";"Y";"K,F,G";"2014-12-23 00:00:00"
12471569;"Print booster";"Y";"D,A,E,AD,G";"2014-12-23 00:00:00"
12765803;"Print booster";"Y";"F";"2014-12-23 00:00:00"
12905441;"Print booster";"Y";"A,F,AD";"2014-12-23 00:00:00"
12935109;"Print booster";"Y";"A";"2014-12-23 00:00:00"
12943930;"Print booster";"Y";"P,F,K,AD,G";"2014-12-16 00:00:00"
12989833;"Print booster";"Y";"A,E,D,C,AD";"2014-12-23 00:00:00"
13006038;"Print booster";"Y";"C,B,E,A,G";"2014-12-23 00:00:00"
13008340;"Print booster";"Y";"K,G,F,A,B";"2014-12-23 00:00:00"
13015269;"Print booster";"Y";"G";"2014-12-23 00:00:00"
13016044;"Print booster";"Y";"E";"2014-12-23 00:00:00"
13027569;"Print booster";"Y";"A,F,C,AD,D";"2014-12-23 00:00:00"
13041930;"Print booster";"Y";"A,C,E,D,AD";"2014-12-23 00:00:00"
13045294;"Print booster";"Y";"E,C,A,D,AD";"2014-12-16 00:00:00"
13053485;"Print booster";"Y";"D,A,AD";"2014-12-23 00:00:00"
13057152;"Print booster";"Y";"C";"2014-12-23 00:00:00"
13057553;"Print booster";"Y";"F";"2014-12-23 00:00:00"
11765148;"Print booster";"Y";"C,A,E";"2014-12-30 00:00:00"
12419487;"Print booster";"Y";"E,C,A,D,AD";"2014-12-23 00:00:00"
12546571;"Print booster";"Y";"C";"2014-12-30 00:00:00"
12734195;"Print booster";"Y";"C";"2014-12-30 00:00:00"
12748906;"Print booster";"Y";"C,A,B";"2014-12-30 00:00:00"
12773165;"Print booster";"Y";"A,C,E,D,AD";"2014-12-23 00:00:00"
12916997;"Print booster";"Y";"E";"2014-12-30 00:00:00"
12920235;"Print booster";"Y";"F";"2014-12-30 00:00:00"
12928113;"Print booster";"Y";"E,A,C,D,AD";"2014-12-30 00:00:00"
12967518;"Print booster";"Y";"C,E,B";"2014-12-30 00:00:00"
12969324;"Print booster";"Y";"E,C,A";"2014-12-30 00:00:00"
12978027;"Print booster";"Y";"A,F,AD,C,D";"2014-12-30 00:00:00"
12979058;"Print booster";"Y";"A,F,AD";"2014-12-23 00:00:00"
13015374;"Print booster";"Y";"K,G,F,A,B";"2014-12-30 00:00:00"
13017469;"Print booster";"Y";"D,A,E";"2014-12-30 00:00:00"
13017788;"Print booster";"Y";"D";"2014-12-30 00:00:00"
13020360;"Print booster";"Y";"E,D,A,C,AD";"2014-12-30 00:00:00"
13028775;"Print booster";"Y";"G,F,K,A,B";"2014-12-30 00:00:00"
13028909;"Print booster";"Y";"E,C,A";"2014-12-30 00:00:00"
13044848;"Print booster";"Y";"C";"2014-12-30 00:00:00"
13045284;"Print booster";"Y";"P";"2014-12-30 00:00:00"
13068806;"Print booster";"Y";"K";"2014-12-30 00:00:00"
13069431;"Print booster";"Y";"C,A,E,B,D";"2014-12-30 00:00:00"
13069604;"Print booster";"Y";"D";"2014-12-30 00:00:00"
10327374;"Print booster";"Y";"G";"2015-01-06 00:00:00"
11213086;"Print booster";"Y";"C,A,E";"2015-01-06 00:00:00"
11803584;"Print booster";"Y";"F,P,AD";"2015-01-06 00:00:00"
12262435;"Print booster";"Y";"E";"2015-01-06 00:00:00"
12330881;"Print booster";"Y";"K";"2015-01-06 00:00:00"
12658353;"Print booster";"Y";"B,C,A,G,F";"2015-01-06 00:00:00"
12697755;"Print booster";"Y";"AD,D,P,F,A";"2015-01-06 00:00:00"
12810076;"Print booster";"Y";"AD,D,P,F,A";"2015-01-06 00:00:00"
12979862;"Print booster";"Y";"A,C,E";"2015-01-06 00:00:00"
13003275;"Print booster";"Y";"K,G,F,A,B";"2015-01-06 00:00:00"
13015803;"Print booster";"Y";"G";"2015-01-06 00:00:00"
13030082;"Print booster";"Y";"F";"2015-01-06 00:00:00"
13030146;"Print booster";"Y";"A,F,C,AD,D";"2015-01-06 00:00:00"
13038511;"Print booster";"Y";"G,K,F,A,B";"2015-01-06 00:00:00"
13039037;"Print booster";"Y";"D";"2015-01-06 00:00:00"
13039867;"Print booster";"Y";"K,G,F,A,B";"2015-01-06 00:00:00"
13041528;"Print booster";"Y";"E";"2015-01-06 00:00:00"
12184000;"Print booster";"Y";"C";"2015-01-13 00:00:00"
12260983;"Print booster";"Y";"A,G,F,B,C";"2015-01-06 00:00:00"
12605246;"Print booster";"Y";"G";"2015-01-06 00:00:00"
12917055;"Print booster";"Y";"B";"2015-01-13 00:00:00"
12998174;"Print booster";"Y";"K";"2015-01-13 00:00:00"
13001312;"Print booster";"Y";"K,G,F,A,B";"2015-01-13 00:00:00"
13042883;"Print booster";"Y";"K,G,F,A,B";"2015-01-13 00:00:00"
13046981;"Print booster";"Y";"C";"2015-01-13 00:00:00"
13048453;"Print booster";"Y";"K,G,F,A,B";"2015-01-13 00:00:00"
13050946;"Print booster";"Y";"C";"2015-01-13 00:00:00"
12750523;"Print booster";"Y";"E";"2015-01-20 00:00:00"
12866728;"Print booster";"Y";"B,C,A,G,F";"2015-01-20 00:00:00"
12966778;"Print booster";"Y";"C,A,E,B,D";"2015-01-13 00:00:00"
13016165;"Print booster";"Y";"P,F,AD,G,K";"2015-01-20 00:00:00"
13031219;"Print booster";"Y";"C,A,E,B,D";"2015-01-13 00:00:00"
13044798;"Print booster";"Y";"A,C,AD,D,E";"2015-01-20 00:00:00"
11653123;"Print booster";"Y";"G";"2015-01-20 00:00:00"
13027715;"Print booster";"Y";"";""
13038336;"Print booster";"Y";"G";"2015-02-03 00:00:00"
12486676;"Print booster";"Y";"E,C,A";"2015-02-10 00:00:00"
10822734;"Print booster";"Y";"C";"2015-02-17 00:00:00"
12329566;"Print booster";"Y";"G,A,F,B,K";"2015-02-17 00:00:00"
13056370;"Print booster";"Y";"TI";"2015-02-17 00:00:00"
12978664;"Print booster";"Y";"G,K,F,A,B";"2015-02-24 00:00:00"
12409438;"Print booster";"Y";"E,C,A,D,AD";"2015-04-07 00:00:00"
12377667;"Print booster";"Y";"E,C,A,D,AD";"2015-04-14 00:00:00"
13048342;"Print booster";"Y";"E,C,A";"2015-04-21 00:00:00"
12749635;"Print booster";"Y";"E,C,A,D";"2015-06-09 00:00:00"
