For Sale,"Agricultural ","Farming ",Agricultural and Farming Supplies,4
For Sale,Agricultural,"Farming ","Agricultural and Farming Equipment ",4
For Sale,Baby and Kids,"Baby Equipment ",3
For Sale,Baby and Kids,Books,3
For Sale,Baby and Kids,Car Seats and Baby Carriers,3
For Sale,Baby and Kids,Clothes,3
For Sale,Baby and Kids,"Furniture ",4
For Sale,Baby and Kids,Prams and Pushchairs,3
For Sale,Baby and Kids,Toys,Action Figures,2
For Sale,Baby and Kids,Toys,Outdoor Toys,3
For Sale,Business and Office,"Office ","Office Equipment ",Cash Registers,4
For Sale,Business and Office,"Office ","Office Equipment ",Fax Machines,4
For Sale,Business and Office,"Office ","Office Equipment ",Photocopiers,5
For Sale,Business and Office,"Office ","Office Equipment ",Projectors,3
For Sale,Business and Office,"Office ","Office Equipment ",Shredders,3
For Sale,Business and Office,"Office ","Office Equipment ",Stationary,3
For Sale,Business and Office,"Office ","Office Equipment ",Supplies,3
For Sale,Business and Office,"Office ","Office Furniture ",4
For Sale,"Antiques and Collectables ",Art,3
For Sale,"Antiques and Collectables ",Auctions,4
For Sale,"Antiques and Collectables ",Chinaware,3
For Sale,"Antiques and Collectables ",Coins,2
For Sale,"Antiques and Collectables ",Dolls and Toys,2
For Sale,"Antiques and Collectables ","Furniture ",4
For Sale,"Antiques and Collectables ",Glassware,3
For Sale,"Antiques and Collectables ",Gramaphones and Radiograms,3
For Sale,"Antiques and Collectables ",Jukeboxes,5
For Sale,"Antiques and Collectables ",Memorabillia,3
For Sale,"Antiques and Collectables ",Models,3
For Sale,"Antiques and Collectables ",Ornaments,2
For Sale,"Antiques and Collectables ",Other Antiques,4
For Sale,"Antiques and Collectables ","Papers, magazines and comics",3
For Sale,"Antiques and Collectables ",Silverware,3
For Sale,"Antiques and Collectables ",Stamps,2
For Sale,Electronics,Sound and Vision (Home entertainment),"DJ and Disco Equipment ",3
For Sale,Electronics,Sound and Vision (Home entertainment),DVD Players,2
For Sale,Electronics,Sound and Vision (Home entertainment),"Home Audio and HiFi ",CD Players,3
For Sale,Electronics,Sound and Vision (Home entertainment),"Home Audio and HiFi ",HiFis,3
For Sale,Electronics,Sound and Vision (Home entertainment),"Home Audio and HiFi ",Jukeboxes,5
For Sale,Electronics,Sound and Vision (Home entertainment),Home Audio and HiFi Accessories,3
For Sale,Electronics,Sound and Vision (Home entertainment),MP3 Players and iPods,1
For Sale,Electronics,Sound and Vision (Home entertainment),"Pro Audio Equipment ",3
For Sale,Electronics,Sound and Vision (Home entertainment),"Satellite, Digital and Cable TV Equipment ",2
For Sale,Electronics,Sound and Vision (Home entertainment),Televisions,3
For Sale,Electronics,Sound and Vision (Home entertainment),TV and DVD Accessories,2
For Sale,Electronics,Sound and Vision (Home entertainment),VCRs,3
For Sale,Electronics,Computers and Tablets,Computer Parts,2
For Sale,Electronics,Computers and Tablets,Home Networking,2
For Sale,Electronics,Computers and Tablets,"iPad, Tablet and E-reader Accessories",2
For Sale,Electronics,Computers and Tablets,"iPads, Tablets and E-Readers",2
For Sale,Electronics,Computers and Tablets,Laptops and Desktops,Desktop,3
For Sale,Electronics,Computers and Tablets,Laptops and Desktops,Laptop,2
For Sale,Electronics,Computers and Tablets,Laptops and Desktops,Macs,3
For Sale,Electronics,Computers and Tablets,Laptop and Desktop Accessories,3
For Sale,Electronics,Computers and Tablets,Printer Supplies and Accessories,2
For Sale,Electronics,Computers and Tablets,Printers and Scanners,3
For Sale,Electronics,Computers and Tablets,Software,2
For Sale,Electronics,Video Games and Consoles,Gaming Consoles,2
For Sale,Electronics,Video Games and Consoles,Video and PC Games,2
For Sale,Electronics,Video Games and Consoles,Gaming Accessories,2
For Sale,Electronics,Cameras and Photography,"Camcorders and Video Cameras ",2
For Sale,Electronics,Cameras and Photography,Camcorders and Video Camera Accessories,2
For Sale,Electronics,Cameras and Photography,Digital Camera Accessories,2
For Sale,Electronics,Cameras and Photography,"Digital Cameras ",2
For Sale,Electronics,Cameras and Photography,Film cameras,2
For Sale,Electronics,Cameras and Photography,Non Digital Camera Accessories,2
For Sale,Electronics,Car Accessories,Car Audio,2
For Sale,Electronics,Car Accessories,Sat Navs,2
For Sale,Electronics,Phones and Accessories,Mobile Phones,1
For Sale,Electronics,Phones and Accessories,Mobile Accessories,1
For Sale,Electronics,Phones and Accessories,Telephones and Answering Machines,2
For Sale,Electronics,Other Electronics,2
For Sale,Fashion,Women,Activewear,2
For Sale,Fashion,Women,Coats and Jackets,2
For Sale,Fashion,Women,Dresses,2
For Sale,Fashion,Women,Jeans,2
For Sale,Fashion,Women,Jumpers and Cardigans,2
For Sale,Fashion,Women,Maternity Wear,2
For Sale,Fashion,Women,Nightwear,2
For Sale,Fashion,Women,Other Womens Clothing,2
For Sale,Fashion,Women,Skirts,2
For Sale,Fashion,Women,Suits,2
For Sale,Fashion,Women,Tops and shirts,2
For Sale,Fashion,Women,Trousers,2
For Sale,Fashion,Men,Activewear,2
For Sale,Fashion,Men,Coats and Jackets,2
For Sale,Fashion,Men,Jeans,2
For Sale,Fashion,Men,Jumpers and Cardigans,2
For Sale,Fashion,Men,Nightwear,2
For Sale,Fashion,Men,Other Mens Clothing,2
For Sale,Fashion,Men,Suits,2
For Sale,Fashion,Men,Tshirts,2
For Sale,Fashion,Men,Trousers,2
For Sale,Fashion,Kids,"Baby ",2
For Sale,Fashion,Kids,Girls,2
For Sale,Fashion,Kids,Boys,2
For Sale,Fashion,Shoes,Men,Boots,2
For Sale,Fashion,Shoes,Men,Shoes,2
For Sale,Fashion,Shoes,Men,Slippers,2
For Sale,Fashion,Shoes,Men,Trainers,2
For Sale,Fashion,Shoes,Women,Boots,2
For Sale,Fashion,Shoes,Women,Shoes,2
For Sale,Fashion,Shoes,Women,Slippers,2
For Sale,Fashion,Shoes,Women,Trainers,2
For Sale,Fashion,Shoes,"Baby ",2
For Sale,Fashion,Shoes,Kids,Girls,2
For Sale,Fashion,Shoes,Kids,Boys,2
For Sale,Fashion,Accessories,Men,2
For Sale,Fashion,Accessories,Women,2
For Sale,Fashion,Accessories,"Baby ",2
For Sale,Fashion,Accessories,Girls,2
For Sale,Fashion,Accessories,Boys,2
For Sale,Fashion,Hair Care and Styling,Hair Dryers,2
For Sale,Fashion,Hair Care and Styling,Hair Straighteners,2
For Sale,Fashion,Jewellery and Watches,2
For Sale,Fashion,Wedding and Bridalwear,2
For Sale,Fashion,Uniforms and Workwear,2
For Sale,Home and Garden,"Furniture ","Bathroom ","Bathroom Furniture ",3
For Sale,Home and Garden,"Furniture ","Bathroom ",Bathroom Cabinets,4
For Sale,Home and Garden,"Furniture ","Bathroom ",Bathroom Shelving and Storage,3
For Sale,Home and Garden,"Furniture ","Bathroom ","Other Bathroom Furniture ",3
For Sale,Home and Garden,"Furniture ","Bedroom ",Beds and Mattresses,Double Beds,5
For Sale,Home and Garden,"Furniture ","Bedroom ",Beds and Mattresses,Single Beds,5
For Sale,Home and Garden,"Furniture ","Bedroom ",Beds and Mattresses,King Size Beds,5
For Sale,Home and Garden,"Furniture ","Bedroom ",Beds and Mattresses,Matresses,5
For Sale,Home and Garden,"Furniture ","Bedroom ",Bedroom Shelving and Storage,4
For Sale,Home and Garden,"Furniture ","Bedroom ","Bedroom Tables ",3
For Sale,Home and Garden,"Furniture ","Bedroom ",Chests of Drawers,4
For Sale,Home and Garden,"Furniture ","Bedroom ","Dressing Tables ",4
For Sale,Home and Garden,"Furniture ","Bedroom ",Sofabeds and Futons,4
For Sale,Home and Garden,"Furniture ","Bedroom ",Wardrobes,5
For Sale,Home and Garden,"Furniture ","Bedroom ","Other Bedroom Furniture ",4
For Sale,Home and Garden,"Furniture ","Living Room ",Armchairs,5
For Sale,Home and Garden,"Furniture ","Living Room ",Display Units,5
For Sale,Home and Garden,"Furniture ","Living Room ",Living Room Shelving and Storage,5
For Sale,Home and Garden,"Furniture ","Living Room ",Other Seating,5
For Sale,Home and Garden,"Furniture ","Living Room ",Sideboards and Dressers,4
For Sale,Home and Garden,"Furniture ","Living Room ",Sofas,5
For Sale,Home and Garden,"Furniture ","Living Room ",Suites,5
For Sale,Home and Garden,"Furniture ","Living Room ","Tables ",4
For Sale,Home and Garden,"Furniture ","Living Room ",TV stands,3
For Sale,Home and Garden,"Furniture ",Dining Room,Chairs,3
For Sale,Home and Garden,"Furniture ",Dining Room,Other Dining Room Seating,3
For Sale,Home and Garden,"Furniture ",Dining Room,Stools,3
For Sale,Home and Garden,"Furniture ",Dining Room,Table and Chair Sets,5
For Sale,Home and Garden,"Furniture ",Dining Room,"Tables ",5
For Sale,Home and Garden,"Furniture ",Kitchen,"Kitchen Tables ",5
For Sale,Home and Garden,"Furniture ",Kitchen,Kitchen Dressers,4
For Sale,Home and Garden,"Furniture ",Kitchen,Kitchen Stools,3
For Sale,Home and Garden,"Furniture ","Office ",Office Desks,4
For Sale,Home and Garden,"Furniture ","Office ",Office Chairs,3
For Sale,Home and Garden,"Furniture ","Office ",Office Racking and Shelving,3
For Sale,Home and Garden,"Furniture ","Office ",Office Storage and Filing,4
For Sale,Home and Garden,"Furniture ",Storage,4
For Sale,Home and Garden,"Furniture ","Other Furniture ",4
For Sale,Home and Garden,Cookware and Dining,Pots and Pans,Frying Pans,3
For Sale,Home and Garden,Cookware and Dining,Pots and Pans,Pan Sets,3
For Sale,Home and Garden,Cookware and Dining,Pots and Pans,Pressure Cooker,3
For Sale,Home and Garden,Cookware and Dining,Pots and Pans,Saucepans,3
For Sale,Home and Garden,Cookware and Dining,Pots and Pans,Steamers,3
For Sale,Home and Garden,Cookware and Dining,Pots and Pans,Woks,3
For Sale,Home and Garden,Cookware and Dining,Pots and Pans,Other Pots and Pans,3
For Sale,Home and Garden,Cookware and Dining,Storage,Tupperware,2
For Sale,Home and Garden,Cookware and Dining,Storage,Storage Jars,2
For Sale,Home and Garden,Cookware and Dining,Storage,Other Food and Kitchen Storage,2
For Sale,Home and Garden,Cookware and Dining,Cutlery,Knife Sets,2
For Sale,Home and Garden,Cookware and Dining,Cutlery,Other Cutlery,2
For Sale,Home and Garden,Cookware and Dining,Silverware,Tea and Coffee Sets,2
For Sale,Home and Garden,Cookware and Dining,Crockery,3
For Sale,Home and Garden,Cookware and Dining,Cake stands,2
For Sale,Home and Garden,Cookware and Dining,"China, Pottery and Glass",Chinaware,3
For Sale,Home and Garden,Cookware and Dining,"China, Pottery and Glass",Glassware,3
For Sale,Home and Garden,Cookware and Dining,"China, Pottery and Glass",Tea and Coffee Sets,3
For Sale,Home and Garden,Cookware and Dining,Other Cookware and Dining Items,3
For Sale,Home and Garden,"DIY ","Bathroom ",Bathroom Taps,2
For Sale,Home and Garden,"DIY ","Bathroom ",Shower Plumbing,3
For Sale,Home and Garden,"DIY ","Bathroom ","Sinks, Pedestals and Toilets",3
For Sale,Home and Garden,"DIY ","Bathroom ",Other Bathroom Items,3
For Sale,Home and Garden,"DIY ",DIY Materials and Supplies,Aggregate,4
For Sale,Home and Garden,"DIY ",DIY Materials and Supplies,Paving Slabs,4
For Sale,Home and Garden,"DIY ",DIY Tools,Drills,3
For Sale,Home and Garden,"DIY ",DIY Tools,Ladders,4
For Sale,Home and Garden,"DIY ",DIY Tools,Saws,3
For Sale,Home and Garden,"DIY ",DIY Tools,Scaffolding,5
For Sale,Home and Garden,"DIY ",DIY Tools,Other Tools,4
For Sale,Home and Garden,"DIY ",DIY Tools,Tools Storage,4
For Sale,Home and Garden,"DIY ",Other DIY Items,3
For Sale,Home and Garden,"DIY ","Kitchen ",Kitchen Fittings,Fitted Kitchens,5
For Sale,Home and Garden,"DIY ","Kitchen ",Kitchen Fittings,Kitchen Cupboard Accessories,3
For Sale,Home and Garden,"DIY ","Kitchen ",Kitchen Fittings,Kitchen Cupboards,3
For Sale,Home and Garden,"DIY ","Kitchen ",Kitchen Fittings,Kitchen Drawer Fronts,3
For Sale,Home and Garden,"DIY ","Kitchen ",Kitchen Fittings,Kitchen Handles and Doorknobs,2
For Sale,Home and Garden,"DIY ","Kitchen ",Kitchen Fittings,Kitchen Units,4
For Sale,Home and Garden,"DIY ","Kitchen ",Kitchen Fittings,Kitchen Worktops,4
For Sale,Home and Garden,"DIY ","Kitchen ",Kitchen Fittings,Tiles,3
For Sale,Home and Garden,"DIY ",Kitchen,Kitchen Plumbing,Kitchen Taps,3
For Sale,Home and Garden,"DIY ",Kitchen,Kitchen Plumbing,Kitchen Sinks,3
For Sale,Home and Garden,"DIY ",Fireplaces and Woodburners,Fireplaces,3
For Sale,Home and Garden,"DIY ",Fireplaces and Woodburners,Woodburners,3
For Sale,Home and Garden,"DIY ",Windows,4
For Sale,Home and Garden,"DIY ",Doors,4
For Sale,Home and Garden,Garden,Barbeques,3
For Sale,Home and Garden,Garden,Fencing and Gates,4
For Sale,Home and Garden,Garden,"Garden Furniture ",5
For Sale,Home and Garden,Garden,Gardening Materials and Supplies,Topsoil,3
For Sale,Home and Garden,Garden,"Gardening Tools and Equipment ",Pressure Washers and Leaf Blowers,3
For Sale,Home and Garden,Garden,Gardening Tools and Equipment,Sprinkler Systems and Lawn Maintenance,3
For Sale,Home and Garden,Garden,"Greenhouses, Sheds and Gazebos",5
For Sale,Home and Garden,Garden,Hot Tubs,5
For Sale,Home and Garden,Garden,Hydroponics,3
For Sale,Home and Garden,Garden,Lawnmowers and Trimmers,4
For Sale,Home and Garden,Garden,Outdoor Fireplaces and Patio Heaters,4
For Sale,Home and Garden,Garden,"Plants, Shrubs and Trees",4
For Sale,Home and Garden,Garden,Pond and Pond Accessories,3
For Sale,Home and Garden,Garden,Umbrella and Sunshades,3
For Sale,Home and Garden,Garden,Other Garden Items,3
For Sale,Home and Garden,Health,Bathroom Aids,3
For Sale,Home and Garden,Health,Mobility Aids and Accessories,4
For Sale,Home and Garden,Health,Mobility Scooters,5
For Sale,Home and Garden,Health,Stairlifts,5
For Sale,Home and Garden,Health,Wheelchairs,3
For Sale,Home and Garden,Health,"Other Disability Aids and Equipment ",3
For Sale,Home and Garden,Heating and Cooling,Heating,Fires,3
For Sale,Home and Garden,Heating and Cooling,Heating,Heating Equipment and Accessories,3
For Sale,Home and Garden,Heating and Cooling,Heating,Radiators,3
For Sale,Home and Garden,Heating and Cooling,Cooling,Air Conditioners,3
For Sale,Home and Garden,Heating and Cooling,Cooling,Ceiling Fans,3
For Sale,Home and Garden,Heating and Cooling,Cooling,Dehumidifiers,3
For Sale,Home and Garden,Home Appliances,Washing Machines and Dryers,Washing Machines,4
For Sale,Home and Garden,Home Appliances,Washing Machines and Dryers,Tumble Dryers,4
For Sale,Home and Garden,Home Appliances,Washing Machines and Dryers,Washer/Dryers,4
For Sale,Home and Garden,Home Appliances,Dishwashers,4
For Sale,Home and Garden,Home Appliances,Fridges and Freezers,Fridges,4
For Sale,Home and Garden,Home Appliances,Fridges and Freezers,Freezers,4
For Sale,Home and Garden,Home Appliances,Fridges and Freezers,Fridge/freezers,4
For Sale,Home and Garden,Home Appliances,Irons,2
For Sale,Home and Garden,Home Appliances,Microwave Accessories,2
For Sale,Home and Garden,Home Appliances,Microwave Ovens,3
For Sale,Home and Garden,Home Appliances,"Ovens, Hobs and Cookers",Ovens,4
For Sale,Home and Garden,Home Appliances,"Ovens, Hobs and Cookers",Hobs,4
For Sale,Home and Garden,Home Appliances,"Ovens, Hobs and Cookers",Cookers,4
For Sale,Home and Garden,Home Appliances,"Ovens, Hobs and Cookers","Oven, Hob and Cooker Accessories",3
For Sale,Home and Garden,Home Appliances,Steam Cleaners,3
For Sale,Home and Garden,Home Appliances,Vacuum Cleaner Accessories,3
For Sale,Home and Garden,Home Appliances,Vacuum Cleaners,3
For Sale,Home and Garden,Home Appliances,Other Home Appliances,3
For Sale,Home and Garden,Home Decor,Art,Paintings,3
For Sale,Home and Garden,Home Decor,Art,Prints,3
For Sale,Home and Garden,Home Decor,Art,Photographs,3
For Sale,Home and Garden,Home Decor,"Bedroom ",Bed Linens and Bedding,2
For Sale,Home and Garden,Home Decor,Carpets and Flooring,3
For Sale,Home and Garden,Home Decor,China Ornaments,3
For Sale,Home and Garden,Home Decor,Clocks,3
For Sale,Home and Garden,Home Decor,Curtains and Blinds,Curtains,3
For Sale,Home and Garden,Home Decor,Curtains and Blinds,Blinds,3
For Sale,Home and Garden,Home Decor,Curtains and Blinds,Curtain and Blinds Accessories,3
For Sale,Home and Garden,Home Decor,Dining Room,Tableware,Placemats,2
For Sale,Home and Garden,Home Decor,Dining Room,,Table Linens,2
For Sale,Home and Garden,Home Decor,Mirrors,3
For Sale,Home and Garden,Home Decor,Picture Frames,3
For Sale,Home and Garden,Home Decor,Other Home Decor,3
For Sale,Home and Garden,Lighting,Ceiling Lights and Chandeliers,3
For Sale,Home and Garden,Lighting,Lamps,3
For Sale,Home and Garden,Lighting,Lamp Shades and Accessories,3
For Sale,Home and Garden,Lighting,"Light Fittings ",3
For Sale,Home and Garden,Lighting,Outdoor Lighting,3
For Sale,Home and Garden,Lighting,Wall Lights,3
For Sale,Home and Garden,Lighting,Other Lighting,3
For Sale,Home and Garden,Small Kitchen Appliances,Breadmakers,3
For Sale,Home and Garden,Small Kitchen Appliances,Coffee and Tea Making,3
For Sale,Home and Garden,Small Kitchen Appliances,Food Processors and Mixers,3
For Sale,Home and Garden,Small Kitchen Appliances,Fryers,3
For Sale,Home and Garden,Small Kitchen Appliances,Grills,3
For Sale,Home and Garden,Small Kitchen Appliances,Kettles,3
For Sale,Home and Garden,Small Kitchen Appliances,Slow cooker,3
For Sale,Home and Garden,Small Kitchen Appliances,Toasters,3
For Sale,Home and Garden,Small Kitchen Appliances,Other Small Kitchen Appliances,3
For Sale,Leisure,Musical Instruments and Accessories,Musical Instruments,Brass Instruments,3
For Sale,Leisure,Musical Instruments and Accessories,Musical Instruments,Drums and Percussion,3
For Sale,Leisure,Musical Instruments and Accessories,Musical Instruments,Guitars and Amps,3
For Sale,Leisure,Musical Instruments and Accessories,Musical Instruments,Harmonicas,2
For Sale,Leisure,Musical Instruments and Accessories,Musical Instruments,Keyboards and Pianos,3
For Sale,Leisure,Musical Instruments and Accessories,Musical Instruments,String Instruments,3
For Sale,Leisure,Musical Instruments and Accessories,Musical Instruments,Woodwind Instruments,2
For Sale,Leisure,Musical Instruments and Accessories,"Musical Accessories and Equipment ","Cases, Racks and Stands",3
For Sale,Leisure,Musical Instruments and Accessories,Musical Accessories and Equipment,Sheet Music and Songbooks,2
For Sale,Leisure,"CDs, Tapes and Vinyls",CDs,2
For Sale,Leisure,"CDs, Tapes and Vinyls",Tapes,2
For Sale,Leisure,"CDs, Tapes and Vinyls",Vinyls/Records,2
For Sale,Leisure,DVDs,Box Sets,2
For Sale,Leisure,DVDs,Children's,2
For Sale,Leisure,DVDs,Movies,2
For Sale,Leisure,Games,Board Games,2
For Sale,Leisure,Games,Games,2
For Sale,Leisure,Books,2
For Sale,Leisure,Magazines and Comics,2
For Sale,Leisure,Tickets,Discount and Offers,1
For Sale,Leisure,Tickets,Festival Tickets,1
For Sale,Leisure,Tickets,Music Tickets,1
For Sale,Leisure,Tickets,Sports Tickets,1
For Sale,Leisure,Tickets,Theatre Tickets,1
For Sale,Leisure,Tickets,Themepark Tickets,1
For Sale,Leisure,Tickets,Travel Tickets,1
For Sale,Leisure,Tickets,Vouchers and Coupons,1
For Sale,Leisure,Holidays and Travel,"Luggage and Travel Equipment ",Backpacks,3
For Sale,Leisure,Holidays and Travel,Luggage and Travel Equipment,Suitcases,3
For Sale,Leisure,"Sports Equipment ",Boxing and Martial Arts,3
For Sale,Leisure,"Sports Equipment ",Fishing,3
For Sale,Leisure,"Sports Equipment ",Golf,3
For Sale,Leisure,"Sports Equipment ",Gym,3
For Sale,Leisure,"Sports Equipment ","Health and Fitness Equipment ",3
For Sale,Leisure,"Sports Equipment ",Other Sports,3
For Sale,Leisure,"Sports Equipment ",Shooting,3
For Sale,Leisure,"Sports Equipment ",Skates and Skateboards,3
For Sale,Leisure,"Sports Equipment ",Snooker and Pool,3
For Sale,Leisure,"Sports Equipment ",Sports Bags,3
For Sale,Leisure,"Sports Equipment ",Sports Wear,3
For Sale,Leisure,"Sports Equipment ","Water Sports ",3
For Sale,Leisure,"Sports Equipment ","Winter Sports ",3
For Sale,Leisure,Bicycles,Adults',4
For Sale,Leisure,Bicycles,Children's,4
For Sale,Leisure,Camping and Hiking,"Camping Equipment ",3
For Sale,Leisure,Camping and Hiking,Caravan and Motorhome Accessories,3
For Sale,Leisure,Camping and Hiking,Clothes and Boots,3
For Sale,Leisure,Camping and Hiking,"Sleeping Bags and Equipment ",3
For Sale,Leisure,Camping and Hiking,Tents,3
For Sale,Leisure,Hobbies,Binoculars and Telescopes,3
For Sale,Leisure,Hobbies,Beekeeping,4
For Sale,Leisure,Hobbies,Birdwatching,3
For Sale,Leisure,Hobbies,Brewing and Winemaking,3
For Sale,Leisure,Hobbies,Crafts,3
For Sale,Leisure,Hobbies,Sewing and Knitting,2
For Sale,Leisure,Hobbies,Other Hobbies,3
For Sale,Leisure,"Seasonal, Handmade and Local",Christmas Trees and Decorations,4
For Sale,Leisure,"Seasonal, Handmade and Local",Fireworks,2
For Sale,Leisure,"Seasonal, Handmade and Local",Gifts,2
For Sale,Leisure,"Seasonal, Handmade and Local",Handmade,2
For Sale,Leisure,"Seasonal, Handmade and Local","Local Produce, Food and Sweets",2
For Sale,Bizarre Bazaar,3